Company,Date,Open,High,Low,Close,Volume,Ex-Dividend,Split Ratio,Adj. Open,Adj. High,Adj. Low,Adj. Close,Adj. Volume,Year,Quarter
AT&T,2017-01-03,42.69,43.03,42.52,43.02,26006613.0,0.0,1.0,40.628443182889,40.952024131172,40.466652708748,40.942507044458,26006613.0,2017,2017Q1
AT&T,2017-01-04,42.94,43.0,42.71,42.77,23199517.0,0.0,1.0,40.866370350744,40.923472871029,40.647477356318,40.704579876603,23199517.0,2017,2017Q1
AT&T,2017-01-05,42.85,42.89,42.53,42.65,25707068.0,0.0,1.0,40.780716570316,40.818784917173,40.476169795462,40.590374836033,25707068.0,2017,2017Q1
AT&T,2017-01-06,41.98,42.0,41.21,41.32,32687866.0,0.49,1.0,40.426516030848,40.445775924146,39.685010138906,39.79093955204,32687866.0,2017,2017Q1
AT&T,2017-01-09,41.29,41.395,40.8,40.8,25480912.0,0.0,1.0,39.762049712094,39.863164151905,39.290182326313,39.290182326313,25480912.0,2017,2017Q1
AT&T,2017-01-10,40.66,41.06,40.24,40.81,21521928.0,0.0,1.0,39.155363073232,39.540560939177,38.750905313991,39.299812272961,21521928.0,2017,2017Q1
AT&T,2017-01-11,40.38,40.7,40.28,40.61,24536368.0,0.0,1.0,38.885724567071,39.193882859827,38.789425100585,39.107213339989,24536368.0,2017,2017Q1
AT&T,2017-01-12,40.57,41.11,40.5,41.01,19899273.0,0.0,1.0,39.068693553395,39.58871067242,39.001283926855,39.492411205934,19899273.0,2017,2017Q1
AT&T,2017-01-13,40.92,41.18,40.79,40.96,13931956.0,0.0,1.0,39.405741686096,39.65612029896,39.280552379664,39.44426147269,13931956.0,2017,2017Q1
AT&T,2017-01-17,41.0,41.14,40.76,41.11,22535807.0,0.0,1.0,39.482781259285,39.617600512365,39.251662539718,39.58871067242,22535807.0,2017,2017Q1
AT&T,2017-01-18,41.15,41.24,40.775,40.8,19476068.0,0.0,1.0,39.627230459014,39.713899978851,39.266107459691,39.290182326313,19476068.0,2017,2017Q1
AT&T,2017-01-19,40.89,41.02,40.71,41.0,16693296.0,0.0,1.0,39.37685184615,39.502041152582,39.203512806475,39.482781259285,16693296.0,2017,2017Q1
AT&T,2017-01-20,41.33,41.87,41.29,41.45,25161746.0,0.0,1.0,39.800569498689,40.320586617714,39.762049712094,39.916128858472,25161746.0,2017,2017Q1
AT&T,2017-01-23,41.46,42.07,41.39,42.0,25210709.0,0.0,1.0,39.925758805121,40.513185550686,39.858349178581,40.445775924146,25210709.0,2017,2017Q1
AT&T,2017-01-24,41.4,41.74,41.05,41.36,28700959.0,0.0,1.0,39.867979125229,40.195397311282,39.530930992528,39.829459338635,28700959.0,2017,2017Q1
AT&T,2017-01-25,41.33,41.47,40.89,41.39,21460549.0,0.0,1.0,39.800569498689,39.935388751769,39.37685184615,39.858349178581,21460549.0,2017,2017Q1
AT&T,2017-01-26,41.17,41.85,40.96,41.77,28130447.0,0.0,1.0,39.646490352311,40.301326724416,39.44426147269,40.224287151228,28130447.0,2017,2017Q1
AT&T,2017-01-27,41.98,42.3,41.75,42.01,19017620.0,0.0,1.0,40.426516030848,40.734674323604,40.20502725793,40.455405870794,19017620.0,2017,2017Q1
AT&T,2017-01-30,41.94,42.13,41.66,41.82,15871524.0,0.0,1.0,40.387996244254,40.570965230577,40.118357738093,40.272436884471,15871524.0,2017,2017Q1
AT&T,2017-01-31,41.68,42.19,41.58,42.16,25404883.0,0.0,1.0,40.13761763139,40.628744910469,40.041318164904,40.599855070523,25404883.0,2017,2017Q1
AT&T,2017-02-01,42.28,42.46,41.86,42.06,32077929.0,0.0,1.0,40.715414430306,40.888753469981,40.310956671065,40.503555604037,32077929.0,2017,2017Q1
AT&T,2017-02-02,42.02,42.07,40.95,41.18,29154279.0,0.0,1.0,40.465035817443,40.513185550686,39.434631526042,39.65612029896,29154279.0,2017,2017Q1
AT&T,2017-02-03,41.48,41.52,41.2,41.25,19149690.0,0.0,1.0,39.945018698418,39.983538485012,39.675380192257,39.7235299255,19149690.0,2017,2017Q1
AT&T,2017-02-06,41.27,41.27,40.98,41.06,11374764.0,0.0,1.0,39.742789818797,39.742789818797,39.463521365988,39.540560939177,11374764.0,2017,2017Q1
AT&T,2017-02-07,41.08,41.17,40.82,41.12,17311976.0,0.0,1.0,39.559820832474,39.646490352311,39.30944221961,39.598340619068,17311976.0,2017,2017Q1
AT&T,2017-02-08,41.17,41.32,41.07,41.21,15687696.0,0.0,1.0,39.646490352311,39.79093955204,39.550190885825,39.685010138906,15687696.0,2017,2017Q1
AT&T,2017-02-09,41.27,41.43,41.13,41.31,11362445.0,0.0,1.0,39.742789818797,39.896868965175,39.607970565717,39.781309605392,11362445.0,2017,2017Q1
AT&T,2017-02-10,41.25,41.43,41.2,41.38,12135621.0,0.0,1.0,39.7235299255,39.896868965175,39.675380192257,39.848719231932,12135621.0,2017,2017Q1
AT&T,2017-02-13,40.82,41.14,40.49,40.65,34361092.0,0.0,1.0,39.30944221961,39.617600512365,38.991653980206,39.145733126584,34361092.0,2017,2017Q1
AT&T,2017-02-14,40.47,40.78,40.41,40.75,19701626.0,0.0,1.0,38.972394086909,39.270922433016,38.914614407017,39.24203259307,19701626.0,2017,2017Q1
AT&T,2017-02-15,40.66,41.14,40.56,41.12,23322451.0,0.0,1.0,39.155363073232,39.617600512365,39.059063606746,39.598340619068,23322451.0,2017,2017Q1
AT&T,2017-02-16,41.12,41.36,41.03,41.25,16579673.0,0.0,1.0,39.598340619068,39.829459338635,39.511671099231,39.7235299255,16579673.0,2017,2017Q1
AT&T,2017-02-17,41.17,41.535,40.79,41.48,24154490.0,0.0,1.0,39.646490352311,39.997983404985,39.280552379664,39.945018698418,24154490.0,2017,2017Q1
AT&T,2017-02-21,41.37,41.75,41.32,41.73,17504381.0,0.0,1.0,39.839089285283,40.20502725793,39.79093955204,40.185767364633,17504381.0,2017,2017Q1
AT&T,2017-02-22,41.68,41.78,41.45,41.59,15656507.0,0.0,1.0,40.13761763139,40.233917097876,39.916128858472,40.050948111553,15656507.0,2017,2017Q1
AT&T,2017-02-23,41.69,41.99,41.54,41.95,19218542.0,0.0,1.0,40.147247578039,40.436145977497,40.00279837831,40.397626190902,19218542.0,2017,2017Q1
AT&T,2017-02-24,42.11,42.36,42.04,42.36,17042850.0,0.0,1.0,40.55170533728,40.792454003495,40.48429571074,40.792454003495,17042850.0,2017,2017Q1
AT&T,2017-02-27,42.3,42.3,41.73,41.82,17337401.0,0.0,1.0,40.734674323604,40.734674323604,40.185767364633,40.272436884471,17337401.0,2017,2017Q1
AT&T,2017-02-28,41.73,41.87,41.64,41.79,19336410.0,0.0,1.0,40.185767364633,40.320586617714,40.099097844796,40.243547044525,19336410.0,2017,2017Q1
AT&T,2017-03-01,41.78,42.18,41.56,42.04,23900989.0,0.0,1.0,40.233917097876,40.61911496382,40.022058271607,40.48429571074,23900989.0,2017,2017Q1
AT&T,2017-03-02,41.9,42.1,41.84,42.07,13181750.0,0.0,1.0,40.349476457659,40.542075390632,40.291696777768,40.513185550686,13181750.0,2017,2017Q1
AT&T,2017-03-03,42.05,42.06,41.76,42.01,17248209.0,0.0,1.0,40.493925657389,40.503555604037,40.214657204579,40.455405870794,17248209.0,2017,2017Q1
AT&T,2017-03-06,41.83,42.0,41.71,41.96,14177020.0,0.0,1.0,40.282066831119,40.445775924146,40.166507471336,40.407256137551,14177020.0,2017,2017Q1
AT&T,2017-03-07,41.9,41.99,41.715,41.88,16250873.0,0.0,1.0,40.349476457659,40.436145977497,40.17132244466,40.330216564362,16250873.0,2017,2017Q1
AT&T,2017-03-08,41.88,41.88,41.68,41.77,17881049.0,0.0,1.0,40.330216564362,40.330216564362,40.13761763139,40.224287151228,17881049.0,2017,2017Q1
AT&T,2017-03-09,41.86,42.13,41.75,41.94,17672624.0,0.0,1.0,40.310956671065,40.570965230577,40.20502725793,40.387996244254,17672624.0,2017,2017Q1
AT&T,2017-03-10,42.03,42.43,42.02,42.35,19732081.0,0.0,1.0,40.474665764091,40.859863630036,40.465035817443,40.782824056847,19732081.0,2017,2017Q1
AT&T,2017-03-13,42.22,42.42,42.18,42.37,14884180.0,0.0,1.0,40.657634750415,40.850233683387,40.61911496382,40.802083950144,14884180.0,2017,2017Q1
AT&T,2017-03-14,42.38,42.44,42.05,42.09,10063834.0,0.0,1.0,40.811713896793,40.869493576684,40.493925657389,40.532445443983,10063834.0,2017,2017Q1
AT&T,2017-03-15,42.14,42.64,42.09,42.59,21055944.0,0.0,1.0,40.580595177226,41.062092509656,40.532445443983,41.013942776413,21055944.0,2017,2017Q1
AT&T,2017-03-16,42.6,42.66,42.34,42.44,14601773.0,0.0,1.0,41.023572723062,41.081352402954,40.773194110198,40.869493576684,14601773.0,2017,2017Q1
AT&T,2017-03-17,42.59,42.65,42.37,42.61,24748927.0,0.0,1.0,41.013942776413,41.071722456305,40.802083950144,41.03320266971,24748927.0,2017,2017Q1
AT&T,2017-03-20,42.61,42.7,42.32,42.42,11851848.0,0.0,1.0,41.03320266971,41.119872189548,40.753934216901,40.850233683387,11851848.0,2017,2017Q1
AT&T,2017-03-21,42.45,42.51,42.0,42.08,20299031.0,0.0,1.0,40.879123523333,40.936903203224,40.445775924146,40.522815497334,20299031.0,2017,2017Q1
AT&T,2017-03-22,42.1,42.12,41.46,41.65,18547120.0,0.0,1.0,40.542075390632,40.561335283929,39.925758805121,40.108727791444,18547120.0,2017,2017Q1
AT&T,2017-03-23,41.63,41.91,41.41,41.65,14660394.0,0.0,1.0,40.089467898147,40.359106404308,39.877609071878,40.108727791444,14660394.0,2017,2017Q1
AT&T,2017-03-24,41.76,41.89,41.54,41.68,14201706.0,0.0,1.0,40.214657204579,40.339846511011,40.00279837831,40.13761763139,14201706.0,2017,2017Q1
AT&T,2017-03-27,41.59,41.75,41.38,41.49,13185156.0,0.0,1.0,40.050948111553,40.20502725793,39.848719231932,39.954648645067,13185156.0,2017,2017Q1
AT&T,2017-03-28,41.41,41.61,41.26,41.56,15585312.0,0.0,1.0,39.877609071878,40.07020800485,39.733159872149,40.022058271607,15585312.0,2017,2017Q1
AT&T,2017-03-29,41.54,41.75,41.4,41.45,14104170.0,0.0,1.0,40.00279837831,40.20502725793,39.867979125229,39.916128858472,14104170.0,2017,2017Q1
AT&T,2017-03-30,41.39,41.829,41.3267,41.76,14773877.0,0.0,1.0,39.858349178581,40.281103836454,39.797391616295,40.214657204579,14773877.0,2017,2017Q1
AT&T,2017-03-31,41.79,41.89,41.55,41.55,17533497.0,0.0,1.0,40.243547044525,40.339846511011,40.012428324958,40.012428324958,17533497.0,2017,2017Q1
AT&T,2017-04-03,41.6,41.77,41.37,41.57,17978664.0,0.0,1.0,40.060578058201,40.224287151228,39.839089285283,40.031688218255,17978664.0,2017,2017Q2
AT&T,2017-04-04,41.57,41.705,41.4,41.69,12550672.0,0.0,1.0,40.031688218255,40.161692498012,39.867979125229,40.147247578039,12550672.0,2017,2017Q2
AT&T,2017-04-05,41.72,41.74,41.47,41.51,19955782.0,0.0,1.0,40.176137417985,40.195397311282,39.935388751769,39.973908538364,19955782.0,2017,2017Q2
AT&T,2017-04-06,41.05,41.08,40.6,40.6,20492316.0,0.49,1.0,40.008028435541,40.037266945969,39.569450779122,39.569450779122,20492316.0,2017,2017Q2
AT&T,2017-04-07,40.6,40.86,40.521,40.59,20333031.0,0.0,1.0,39.569450779122,39.822851202831,39.492456034995,39.55970460898,20333031.0,2017,2017Q2
AT&T,2017-04-10,40.6,40.68,40.31,40.38,18215046.0,0.0,1.0,39.569450779122,39.647420140263,39.286811844986,39.355035035984,18215046.0,2017,2017Q2
AT&T,2017-04-11,40.38,40.39,40.07,40.31,19609903.0,0.0,1.0,39.355035035984,39.364781206127,39.052903761562,39.286811844986,19609903.0,2017,2017Q2
AT&T,2017-04-12,40.21,40.57,40.07,40.56,22195768.0,0.0,1.0,39.189350143559,39.540212268694,39.052903761562,39.530466098552,22195768.0,2017,2017Q2
AT&T,2017-04-13,40.51,40.76,40.25,40.28,17556190.0,0.0,1.0,39.481735247839,39.725389501405,39.22833482413,39.257573334558,17556190.0,2017,2017Q2
AT&T,2017-04-17,40.3,40.49,40.22,40.3,12118645.0,0.0,1.0,39.277065674843,39.462242907553,39.199096313702,39.277065674843,12118645.0,2017,2017Q2
AT&T,2017-04-18,40.22,40.43,40.18,40.25,15920226.0,0.0,1.0,39.199096313702,39.403765886697,39.160111633131,39.22833482413,15920226.0,2017,2017Q2
AT&T,2017-04-19,40.32,40.4484,40.19,40.25,23799483.0,0.0,1.0,39.296558015128,39.42169883976,39.169857803274,39.22833482413,23799483.0,2017,2017Q2
AT&T,2017-04-20,39.99,40.51,39.92,40.36,21715734.0,0.0,1.0,38.974934400421,39.481735247839,38.906711209423,39.335542695699,21715734.0,2017,2017Q2
AT&T,2017-04-21,40.23,40.36,39.81,39.93,23898137.0,0.0,1.0,39.208842483845,39.335542695699,38.799503337854,38.916457379565,23898137.0,2017,2017Q2
AT&T,2017-04-24,40.1,40.15,39.86,40.02,24033786.0,0.0,1.0,39.08214227199,39.130873122704,38.848234188567,39.004172910849,24033786.0,2017,2017Q2
AT&T,2017-04-25,40.08,40.25,39.69,39.92,35569851.0,0.0,1.0,39.062649931705,39.22833482413,38.682549296142,38.906711209423,35569851.0,2017,2017Q2
AT&T,2017-04-26,40.02,40.56,39.85,40.44,33806967.0,0.0,1.0,39.004172910849,39.530466098552,38.838488018424,39.41351205684,33806967.0,2017,2017Q2
AT&T,2017-04-27,40.37,40.4,39.88,39.91,22426625.0,0.0,1.0,39.345288865842,39.37452737627,38.867726528852,38.89696503928,22426625.0,2017,2017Q2
AT&T,2017-04-28,39.88,40.06,39.52,39.63,24855880.0,0.0,1.0,38.867726528852,39.04315759142,38.516864403717,38.624072275286,24855880.0,2017,2017Q2
AT&T,2017-05-01,39.68,39.7,39.06,39.1,24429422.0,0.0,1.0,38.672803125999,38.692295466285,38.068540577156,38.107525257726,24429422.0,2017,2017Q2
AT&T,2017-05-02,39.14,39.22,38.88,38.95,23361463.0,0.0,1.0,38.146509938297,38.224479299438,37.893109514588,37.961332705587,23361463.0,2017,2017Q2
AT&T,2017-05-03,38.94,38.98,38.15,38.4,33571614.0,0.0,1.0,37.951586535444,37.990571216015,37.181639094175,37.425293347741,33571614.0,2017,2017Q2
AT&T,2017-05-04,38.41,38.41,37.63,38.01,30739281.0,0.0,1.0,37.435039517884,37.435039517884,36.674838246758,37.045192712178,30739281.0,2017,2017Q2
AT&T,2017-05-05,38.08,38.71,38.03,38.56,21104456.0,0.0,1.0,37.113415903177,37.727424622163,37.064685052464,37.581232070024,21104456.0,2017,2017Q2
AT&T,2017-05-08,38.78,38.78,38.32,38.57,19998370.0,0.0,1.0,37.795647813162,37.795647813162,37.3473239866,37.590978240166,19998370.0,2017,2017Q2
AT&T,2017-05-09,38.53,38.55,38.16,38.22,21550587.0,0.0,1.0,37.551993559596,37.571485899881,37.191385264318,37.249862285174,21550587.0,2017,2017Q2
AT&T,2017-05-10,38.19,38.65,38.13,38.45,22605836.0,0.0,1.0,37.220623774746,37.668947601307,37.16214675389,37.474024198455,22605836.0,2017,2017Q2
AT&T,2017-05-11,38.45,38.55,38.2149,38.44,16448138.0,0.0,1.0,37.474024198455,37.571485899881,37.244891738401,37.464278028312,16448138.0,2017,2017Q2
AT&T,2017-05-12,38.49,38.61,38.31,38.49,13540398.0,0.0,1.0,37.513008879025,37.629962920737,37.337577816458,37.513008879025,13540398.0,2017,2017Q2
AT&T,2017-05-15,38.52,38.69,38.41,38.59,20541597.0,0.0,1.0,37.542247389453,37.707932281878,37.435039517884,37.610470580452,20541597.0,2017,2017Q2
AT&T,2017-05-16,38.68,38.76,38.19,38.19,21551217.0,0.0,1.0,37.698186111735,37.776155472876,37.220623774746,37.220623774746,21551217.0,2017,2017Q2
AT&T,2017-05-17,37.98,38.04,37.45,37.46,29358716.0,0.0,1.0,37.01595420175,37.074431222606,36.49940718419,36.509153354333,29358716.0,2017,2017Q2
AT&T,2017-05-18,37.5,38.14,37.46,37.95,25714289.0,0.0,1.0,36.548138034904,37.171892924033,36.509153354333,36.986715691323,25714289.0,2017,2017Q2
AT&T,2017-05-19,38.04,38.29,37.89,38.24,19009697.0,0.0,1.0,37.074431222606,37.318085476172,36.928238670467,37.269354625459,19009697.0,2017,2017Q2
AT&T,2017-05-22,38.24,38.35,38.17,38.25,14338672.0,0.0,1.0,37.269354625459,37.376562497028,37.201131434461,37.279100795602,14338672.0,2017,2017Q2
AT&T,2017-05-23,38.26,38.415,38.21,38.31,13449062.0,0.0,1.0,37.288846965744,37.439912602955,37.240116115031,37.337577816458,13449062.0,2017,2017Q2
AT&T,2017-05-24,38.31,38.36,38.08,38.15,15603875.0,0.0,1.0,37.337577816458,37.386308667171,37.113415903177,37.181639094175,15603875.0,2017,2017Q2
AT&T,2017-05-25,38.12,38.34,38.11,38.23,14833995.0,0.0,1.0,37.152400583747,37.366816326886,37.142654413605,37.259608455316,14833995.0,2017,2017Q2
AT&T,2017-05-26,38.21,38.25,38.01,38.12,13716459.0,0.0,1.0,37.240116115031,37.279100795602,37.045192712178,37.152400583747,13716459.0,2017,2017Q2
AT&T,2017-05-30,38.19,38.68,38.19,38.55,20431350.0,0.0,1.0,37.220623774746,37.698186111735,37.220623774746,37.571485899881,20431350.0,2017,2017Q2
AT&T,2017-05-31,38.65,38.87,38.51,38.53,23520419.0,0.0,1.0,37.668947601307,37.883363344445,37.53250121931,37.551993559596,23520419.0,2017,2017Q2
AT&T,2017-06-01,38.68,38.89,38.52,38.87,17640817.0,0.0,1.0,37.698186111735,37.902855684731,37.542247389453,37.883363344445,17640817.0,2017,2017Q2
AT&T,2017-06-02,39.0,39.08,38.76,38.87,18515993.0,0.0,1.0,38.0100635563,38.088032917441,37.776155472876,37.883363344445,18515993.0,2017,2017Q2
AT&T,2017-06-05,38.81,38.86,38.57,38.81,13732815.0,0.0,1.0,37.82488632359,37.873617174303,37.590978240166,37.82488632359,13732815.0,2017,2017Q2
AT&T,2017-06-06,38.78,38.92,38.65,38.73,16168786.0,0.0,1.0,37.795647813162,37.932094195159,37.668947601307,37.746916962449,16168786.0,2017,2017Q2
AT&T,2017-06-07,38.85,38.87,38.54,38.76,16426257.0,0.0,1.0,37.86387100416,37.883363344445,37.561739729738,37.776155472876,16426257.0,2017,2017Q2
AT&T,2017-06-08,38.81,38.84,38.42,38.5,20136590.0,0.0,1.0,37.82488632359,37.854124834018,37.444785688027,37.522755049168,20136590.0,2017,2017Q2
AT&T,2017-06-09,38.63,38.8,38.551,38.79,18382604.0,0.0,1.0,37.649455261022,37.815140153447,37.572460516895,37.805393983304,18382604.0,2017,2017Q2
AT&T,2017-06-12,38.8,39.37,38.8,39.07,22269160.0,0.0,1.0,37.815140153447,38.370671851578,37.815140153447,38.078286747298,22269160.0,2017,2017Q2
AT&T,2017-06-13,39.01,39.01,38.58,38.68,18732821.0,0.0,1.0,38.019809726442,38.019809726442,37.600724410309,37.698186111735,18732821.0,2017,2017Q2
AT&T,2017-06-14,38.79,38.81,38.5,38.72,16345286.0,0.0,1.0,37.805393983304,37.82488632359,37.522755049168,37.737170792306,16345286.0,2017,2017Q2
AT&T,2017-06-15,38.67,38.9,38.64,38.84,16437354.0,0.0,1.0,37.688439941593,37.912601854873,37.659201431165,37.854124834018,16437354.0,2017,2017Q2
AT&T,2017-06-16,38.97,39.0,38.66,38.96,29335759.0,0.0,1.0,37.980825045872,38.0100635563,37.67869377145,37.971078875729,29335759.0,2017,2017Q2
AT&T,2017-06-19,38.98,38.98,38.685,38.91,20880429.0,0.0,1.0,37.990571216015,37.990571216015,37.703059196807,37.922348025016,20880429.0,2017,2017Q2
AT&T,2017-06-20,38.77,38.92,38.6,38.66,21662247.0,0.0,1.0,37.785901643019,37.932094195159,37.620216750594,37.67869377145,21662247.0,2017,2017Q2
AT&T,2017-06-21,38.64,38.67,37.85,38.15,24572246.0,0.0,1.0,37.659201431165,37.688439941593,36.889253989896,37.181639094175,24572246.0,2017,2017Q2
AT&T,2017-06-22,38.19,38.35,37.965,38.1,16016487.0,0.0,1.0,37.220623774746,37.376562497028,37.001334946536,37.132908243462,16016487.0,2017,2017Q2
AT&T,2017-06-23,38.16,38.16,37.82,37.95,22530547.0,0.0,1.0,37.191385264318,37.191385264318,36.860015479468,36.986715691323,22530547.0,2017,2017Q2
AT&T,2017-06-26,37.94,38.28,37.86,38.15,18389168.0,0.0,1.0,36.97696952118,37.30833930603,36.899000160039,37.181639094175,18389168.0,2017,2017Q2
AT&T,2017-06-27,37.84,37.88,37.6,37.7,19850829.0,0.0,1.0,36.879507819753,36.918492500324,36.64559973633,36.743061437756,19850829.0,2017,2017Q2
AT&T,2017-06-28,37.88,38.065,37.78,37.94,20312146.0,0.0,1.0,36.918492500324,37.098796647963,36.821030798898,36.97696952118,20312146.0,2017,2017Q2
AT&T,2017-06-29,37.87,37.98,37.62,37.62,23508452.0,0.0,1.0,36.908746330181,37.01595420175,36.665092076615,36.665092076615,23508452.0,2017,2017Q2
AT&T,2017-06-30,37.73,37.87,37.54,37.73,22303282.0,0.0,1.0,36.772299948184,36.908746330181,36.587122715474,36.772299948184,22303282.0,2017,2017Q2
AT&T,2017-07-03,37.84,38.13,37.785,38.11,11123146.0,0.0,1.0,36.879507819753,37.16214675389,36.825903883969,37.142654413605,11123146.0,2017,2017Q3
AT&T,2017-07-05,38.11,38.21,37.85,38.12,19644726.0,0.0,1.0,37.142654413605,37.240116115031,36.889253989896,37.152400583747,19644726.0,2017,2017Q3
AT&T,2017-07-06,37.59,37.695,37.18,37.18,20754749.0,0.49,1.0,37.118682190379,37.222365660184,36.713822927329,36.713822927329,20754749.0,2017,2017Q3
AT&T,2017-07-07,37.18,37.23,36.82,36.98,20009302.0,0.0,1.0,36.713822927329,36.763196008188,36.358336745138,36.516330603889,20009302.0,2017,2017Q3
AT&T,2017-07-10,36.96,37.08,36.82,36.83,19894175.0,0.0,1.0,36.496581371546,36.615076765609,36.358336745138,36.36821136131,19894175.0,2017,2017Q3
AT&T,2017-07-11,36.83,36.86,36.54,36.6,21067825.0,0.0,1.0,36.36821136131,36.397835209826,36.081847492323,36.141095189355,21067825.0,2017,2017Q3
AT&T,2017-07-12,36.75,36.9,36.61,36.83,17369349.0,0.0,1.0,36.289214431934,36.437333674514,36.150969805527,36.36821136131,17369349.0,2017,2017Q3
AT&T,2017-07-13,36.54,36.6,36.19,36.21,29849687.0,0.0,1.0,36.081847492323,36.141095189355,35.736235926305,35.755985158649,29849687.0,2017,2017Q3
AT&T,2017-07-14,36.23,36.38,36.17,36.3,23124626.0,0.0,1.0,35.775734390993,35.923853633572,35.716486693961,35.844856704197,23124626.0,2017,2017Q3
AT&T,2017-07-17,36.32,36.45,36.25,36.39,20529927.0,0.0,1.0,35.86460593654,35.992975946776,35.795483623337,35.933728249744,20529927.0,2017,2017Q3
AT&T,2017-07-18,36.43,36.43,35.87,35.99,29120321.0,0.0,1.0,35.973226714432,35.973226714432,35.420248208802,35.538743602866,29120321.0,2017,2017Q3
AT&T,2017-07-19,36.03,36.13,35.81,36.13,24241192.0,0.0,1.0,35.578242067554,35.676988229273,35.361000511771,35.676988229273,24241192.0,2017,2017Q3
AT&T,2017-07-20,36.33,36.72,36.16,36.52,30139360.0,0.0,1.0,35.874480552712,36.259590583419,35.706612077789,36.06209825998,30139360.0,2017,2017Q3
AT&T,2017-07-21,36.42,36.61,36.255,36.51,19971645.0,0.0,1.0,35.96335209826,36.150969805527,35.800420931423,36.052223643808,19971645.0,2017,2017Q3
AT&T,2017-07-24,36.51,36.55,36.18,36.23,21944392.0,0.0,1.0,36.052223643808,36.091722108495,35.726361310133,35.775734390993,21944392.0,2017,2017Q3
AT&T,2017-07-25,36.29,36.5,36.13,36.22,28210563.0,0.0,1.0,35.834982088025,36.042349027636,35.676988229273,35.765859774821,28210563.0,2017,2017Q3
AT&T,2017-07-26,37.42,38.1,37.4,38.03,72226162.0,0.0,1.0,36.950813715455,37.622287615148,36.931064483112,37.553165301945,72226162.0,2017,2017Q3
AT&T,2017-07-27,38.2,39.5,38.2,39.41,61841158.0,0.0,1.0,37.721033776868,39.004733879222,37.721033776868,38.915862333675,61841158.0,2017,2017Q3
AT&T,2017-07-28,39.25,39.67,38.83,39.0,35815916.0,0.0,1.0,38.757868474923,39.172602354145,38.343134595701,38.511003070624,35815916.0,2017,2017Q3
AT&T,2017-07-31,38.97,39.13,38.715,39.0,28325450.0,0.0,1.0,38.481379222108,38.63937308086,38.229576509724,38.511003070624,28325450.0,2017,2017Q3
AT&T,2017-08-01,39.25,39.27,38.71,38.88,29057131.0,0.0,1.0,38.757868474923,38.777617707267,38.224639201638,38.392507676561,29057131.0,2017,2017Q3
AT&T,2017-08-02,38.98,38.99,38.04,38.27,34582589.0,0.0,1.0,38.49125383828,38.501128454452,37.563039918117,37.790156090072,34582589.0,2017,2017Q3
AT&T,2017-08-03,38.23,38.5,38.15,38.28,18825280.0,0.0,1.0,37.750657625384,38.017272262027,37.671660696008,37.800030706244,18825280.0,2017,2017Q3
AT&T,2017-08-04,38.44,38.52,38.04,38.43,16234405.0,0.0,1.0,37.958024564995,38.037021494371,37.563039918117,37.948149948823,16234405.0,2017,2017Q3
AT&T,2017-08-07,38.44,38.64,38.37,38.52,16774947.0,0.0,1.0,37.958024564995,38.155516888434,37.888902251791,38.037021494371,16774947.0,2017,2017Q3
AT&T,2017-08-08,38.56,38.745,38.27,38.36,15417073.0,0.0,1.0,38.076519959058,38.25920035824,37.790156090072,37.879027635619,15417073.0,2017,2017Q3
AT&T,2017-08-09,38.2,38.395,38.06,38.36,19677439.0,0.0,1.0,37.721033776868,37.913588792221,37.582789150461,37.879027635619,19677439.0,2017,2017Q3
AT&T,2017-08-10,38.27,38.54,38.18,38.19,21080737.0,0.0,1.0,37.790156090072,38.056770726714,37.701284544524,37.711159160696,21080737.0,2017,2017Q3
AT&T,2017-08-11,38.3,38.34,38.07,38.1,13246121.0,0.0,1.0,37.819779938588,37.859278403275,37.592663766633,37.622287615148,13246121.0,2017,2017Q3
AT&T,2017-08-14,38.24,38.56,38.18,38.5,17093931.0,0.0,1.0,37.760532241556,38.076519959058,37.701284544524,38.017272262027,17093931.0,2017,2017Q3
AT&T,2017-08-15,38.5,38.55,38.01,38.16,14697348.0,0.0,1.0,38.017272262027,38.066645342886,37.533416069601,37.68153531218,14697348.0,2017,2017Q3
AT&T,2017-08-16,38.16,38.34,37.96,38.23,14769126.0,0.0,1.0,37.68153531218,37.859278403275,37.484042988741,37.750657625384,14769126.0,2017,2017Q3
AT&T,2017-08-17,38.16,38.215,37.58,37.6,21515025.0,0.0,1.0,37.68153531218,37.735845701126,37.108807574207,37.128556806551,21515025.0,2017,2017Q3
AT&T,2017-08-18,37.5,37.61,37.2,37.37,22866232.0,0.0,1.0,37.029810644831,37.138431422723,36.733572159672,36.901440634596,22866232.0,2017,2017Q3
AT&T,2017-08-21,37.49,37.885,37.405,37.58,17247774.0,0.0,1.0,37.019936028659,37.409983367451,36.936001791198,37.108807574207,17247774.0,2017,2017Q3
AT&T,2017-08-22,37.69,37.99,37.56,37.98,14690796.0,0.0,1.0,37.217428352098,37.513666837257,37.089058341863,37.503792221085,14690796.0,2017,2017Q3
AT&T,2017-08-23,37.85,38.075,37.85,37.92,19814504.0,0.0,1.0,37.37542221085,37.597601074719,37.37542221085,37.444544524053,19814504.0,2017,2017Q3
AT&T,2017-08-24,37.96,37.975,37.635,37.68,10806185.0,0.0,1.0,37.484042988741,37.498854912999,37.163117963153,37.207553735926,10806185.0,2017,2017Q3
AT&T,2017-08-25,37.82,38.13,37.76,37.99,14183566.0,0.0,1.0,37.345798362334,37.651911463664,37.286550665302,37.513666837257,14183566.0,2017,2017Q3
AT&T,2017-08-28,38.0,38.07,37.75,37.94,9950593.0,0.0,1.0,37.523541453429,37.592663766633,37.27667604913,37.464293756397,9950593.0,2017,2017Q3
AT&T,2017-08-29,37.75,38.03,37.75,37.85,9549322.0,0.0,1.0,37.27667604913,37.553165301945,37.27667604913,37.37542221085,9549322.0,2017,2017Q3
AT&T,2017-08-30,37.82,37.82,37.61,37.67,12404499.0,0.0,1.0,37.345798362334,37.345798362334,37.138431422723,37.197679119754,12404499.0,2017,2017Q3
AT&T,2017-08-31,37.74,37.87,37.45,37.46,20091749.0,0.0,1.0,37.266801432958,37.395171443193,36.980437563971,36.990312180143,20091749.0,2017,2017Q3
AT&T,2017-09-01,37.59,37.605,37.42,37.48,12669756.0,0.0,1.0,37.118682190379,37.133494114637,36.950813715455,37.010061412487,12669756.0,2017,2017Q3
AT&T,2017-09-05,37.4,37.43,36.93,37.09,22792480.0,0.0,1.0,36.931064483112,36.960688331627,36.46695752303,36.624951381781,22792480.0,2017,2017Q3
AT&T,2017-09-06,37.13,37.16,36.53,36.57,27799139.0,0.0,1.0,36.664449846469,36.694073694985,36.071972876151,36.111471340839,27799139.0,2017,2017Q3
AT&T,2017-09-07,36.6,36.79,35.58,35.6,48145357.0,0.0,1.0,36.141095189355,36.328712896622,35.133884339816,35.15363357216,48145357.0,2017,2017Q3
AT&T,2017-09-08,35.6,35.76,35.1,35.59,40807093.0,0.0,1.0,35.15363357216,35.311627430911,34.659902763562,35.143758955988,40807093.0,2017,2017Q3
AT&T,2017-09-11,35.68,35.8,35.52,35.74,22664740.0,0.0,1.0,35.232630501535,35.351125895599,35.074636642784,35.291878198567,22664740.0,2017,2017Q3
AT&T,2017-09-12,35.96,36.43,35.82,36.26,28265697.0,0.0,1.0,35.50911975435,35.973226714432,35.370875127943,35.805358239509,28265697.0,2017,2017Q3
AT&T,2017-09-13,36.34,36.67,36.28,36.55,25492489.0,0.0,1.0,35.884355168884,36.210217502559,35.825107471853,36.091722108495,25492489.0,2017,2017Q3
AT&T,2017-09-14,36.6,36.6,36.22,36.32,17872917.0,0.0,1.0,36.141095189355,36.141095189355,35.765859774821,35.86460593654,17872917.0,2017,2017Q3
AT&T,2017-09-15,36.41,37.11,36.39,37.1,47603337.0,0.0,1.0,35.953477482088,36.644700614125,35.933728249744,36.634825997953,47603337.0,2017,2017Q3
AT&T,2017-09-18,37.11,37.5,37.02,37.42,31231834.0,0.0,1.0,36.644700614125,37.029810644831,36.555829068577,36.950813715455,31231834.0,2017,2017Q3
AT&T,2017-09-19,37.41,38.44,37.269,38.21,46221907.0,0.0,1.0,36.940939099284,37.958024564995,36.801707011259,37.73090839304,46221907.0,2017,2017Q3
AT&T,2017-09-20,38.32,38.735,38.215,38.43,26260768.0,0.0,1.0,37.839529170931,38.249325742068,37.735845701126,37.948149948823,26260768.0,2017,2017Q3
AT&T,2017-09-21,38.5,38.54,38.14,38.22,16775443.0,0.0,1.0,38.017272262027,38.056770726714,37.661786079836,37.740783009212,16775443.0,2017,2017Q3
AT&T,2017-09-22,38.4,38.65,38.21,38.59,23136634.0,0.0,1.0,37.918526100307,38.165391504606,37.73090839304,38.106143807574,23136634.0,2017,2017Q3
AT&T,2017-09-25,38.53,39.19,38.5,39.12,35952240.0,0.0,1.0,38.046896110542,38.698620777891,38.017272262027,38.629498464688,35952240.0,2017,2017Q3
AT&T,2017-09-26,39.12,39.31,38.7,38.72,22591888.0,0.0,1.0,38.629498464688,38.817116171955,38.214764585466,38.23451381781,22591888.0,2017,2017Q3
AT&T,2017-09-27,38.63,38.91,38.51,38.77,23135156.0,0.0,1.0,38.145642272262,38.422131525077,38.027146878199,38.283886898669,23135156.0,2017,2017Q3
AT&T,2017-09-28,38.68,39.17,38.59,39.04,17245673.0,0.0,1.0,38.195015353122,38.678871545548,38.106143807574,38.550501535312,17245673.0,2017,2017Q3
AT&T,2017-09-29,38.95,39.22,38.81,39.17,21798345.0,0.0,1.0,38.461629989765,38.728244626407,38.323385363357,38.678871545548,21798345.0,2017,2017Q3
AT&T,2017-10-02,39.2,39.31,39.07,39.11,15526050.0,0.0,1.0,38.708495394063,38.817116171955,38.580125383828,38.619623848516,15526050.0,2017,2017Q4
AT&T,2017-10-03,39.19,39.48,39.09,39.48,16018427.0,0.0,1.0,38.698620777891,38.984984646878,38.599874616172,38.984984646878,16018427.0,2017,2017Q4
AT&T,2017-10-04,39.37,39.66,39.245,39.5,17872837.0,0.0,1.0,38.876363868987,39.162727737973,38.752931166837,39.004733879222,17872837.0,2017,2017Q4
AT&T,2017-10-05,39.61,39.8,39.4,39.51,22488718.0,0.0,1.0,39.113354657114,39.300972364381,38.905987717503,39.014608495394,22488718.0,2017,2017Q4
AT&T,2017-10-06,38.84,39.05,38.54,38.59,22416654.0,0.49,1.0,38.84,39.05,38.54,38.59,22416654.0,2017,2017Q4
AT&T,2017-10-09,38.65,38.67,38.15,38.3,19232767.0,0.0,1.0,38.65,38.67,38.15,38.3,19232767.0,2017,2017Q4
AT&T,2017-10-10,38.35,38.61,38.27,38.5,17265687.0,0.0,1.0,38.35,38.61,38.27,38.5,17265687.0,2017,2017Q4
AT&T,2017-10-11,38.52,38.61,38.05,38.19,26607120.0,0.0,1.0,38.52,38.61,38.05,38.19,26607120.0,2017,2017Q4
AT&T,2017-10-12,37.49,37.53,35.83,35.86,81104374.0,0.0,1.0,37.49,37.53,35.83,35.86,81104374.0,2017,2017Q4
AT&T,2017-10-13,35.84,36.04,35.25,35.7,55687849.0,0.0,1.0,35.84,36.04,35.25,35.7,55687849.0,2017,2017Q4
AT&T,2017-10-16,35.82,36.45,35.75,36.17,31066469.0,0.0,1.0,35.82,36.45,35.75,36.17,31066469.0,2017,2017Q4
AT&T,2017-10-17,36.17,36.29,35.99,36.23,21520125.0,0.0,1.0,36.17,36.29,35.99,36.23,21520125.0,2017,2017Q4
AT&T,2017-10-18,36.23,36.28,35.51,35.71,36480053.0,0.0,1.0,36.23,36.28,35.51,35.71,36480053.0,2017,2017Q4
AT&T,2017-10-19,35.93,36.33,35.59,35.69,32352849.0,0.0,1.0,35.93,36.33,35.59,35.69,32352849.0,2017,2017Q4
AT&T,2017-10-20,35.79,35.84,35.4,35.54,37240295.0,0.0,1.0,35.79,35.84,35.4,35.54,37240295.0,2017,2017Q4
AT&T,2017-10-23,35.42,35.66,35.19,35.25,30781136.0,0.0,1.0,35.42,35.66,35.19,35.25,30781136.0,2017,2017Q4
AT&T,2017-10-24,35.31,35.36,34.81,34.86,47005821.0,0.0,1.0,35.31,35.36,34.81,34.86,47005821.0,2017,2017Q4
AT&T,2017-10-25,34.26,34.35,33.33,33.48,91170783.0,0.0,1.0,34.26,34.35,33.33,33.48,91170783.0,2017,2017Q4
AT&T,2017-10-26,33.75,33.89,33.6,33.68,45048573.0,0.0,1.0,33.75,33.89,33.6,33.68,45048573.0,2017,2017Q4
AT&T,2017-10-27,33.68,34.02,33.54,33.97,52300035.0,0.0,1.0,33.68,34.02,33.54,33.97,52300035.0,2017,2017Q4
AT&T,2017-10-30,34.02,34.33,33.39,33.54,51575879.0,0.0,1.0,34.02,34.33,33.39,33.54,51575879.0,2017,2017Q4
AT&T,2017-10-31,33.64,33.84,33.43,33.65,36247813.0,0.0,1.0,33.64,33.84,33.43,33.65,36247813.0,2017,2017Q4
AT&T,2017-11-01,33.86,33.94,33.29,33.55,37593333.0,0.0,1.0,33.86,33.94,33.29,33.55,37593333.0,2017,2017Q4
AT&T,2017-11-02,33.57,34.424,32.93,33.17,72880159.0,0.0,1.0,33.57,34.424,32.93,33.17,72880159.0,2017,2017Q4
AT&T,2017-11-03,33.34,33.39,32.95,33.3,40189142.0,0.0,1.0,33.34,33.39,32.95,33.3,40189142.0,2017,2017Q4
AT&T,2017-11-06,33.07,33.08,32.55,32.86,47701373.0,0.0,1.0,33.07,33.08,32.55,32.86,47701373.0,2017,2017Q4
AT&T,2017-11-07,32.83,33.12,32.7143,33.07,29898256.0,0.0,1.0,32.83,33.12,32.7143,33.07,29898256.0,2017,2017Q4
AT&T,2017-11-09,33.43,34.453,33.35,34.0,69625103.0,0.0,1.0,33.43,34.453,33.35,34.0,69625103.0,2017,2017Q4
AT&T,2017-11-10,34.17,34.48,34.1,34.22,57445443.0,0.0,1.0,34.17,34.48,34.1,34.22,57445443.0,2017,2017Q4
AT&T,2017-11-13,34.28,34.36,34.14,34.17,28716679.0,0.0,1.0,34.28,34.36,34.14,34.17,28716679.0,2017,2017Q4
AT&T,2017-11-14,34.19,34.2,33.58,33.72,29820096.0,0.0,1.0,34.19,34.2,33.58,33.72,29820096.0,2017,2017Q4
AT&T,2017-11-15,34.02,34.2,33.65,33.81,32772582.0,0.0,1.0,34.02,34.2,33.65,33.81,32772582.0,2017,2017Q4
AT&T,2017-11-16,33.86,34.66,33.81,34.52,39909607.0,0.0,1.0,33.86,34.66,33.81,34.52,39909607.0,2017,2017Q4
AT&T,2017-11-17,34.43,34.88,34.35,34.51,36883419.0,0.0,1.0,34.43,34.88,34.35,34.51,36883419.0,2017,2017Q4
AT&T,2017-11-20,34.55,34.9,34.44,34.64,30310660.0,0.0,1.0,34.55,34.9,34.44,34.64,30310660.0,2017,2017Q4
AT&T,2017-11-21,34.6,34.75,34.29,34.33,35232748.0,0.0,1.0,34.6,34.75,34.29,34.33,35232748.0,2017,2017Q4
AT&T,2017-11-22,34.28,34.91,34.2,34.87,26335071.0,0.0,1.0,34.28,34.91,34.2,34.87,26335071.0,2017,2017Q4
AT&T,2017-11-24,34.87,34.95,34.74,34.81,9203078.0,0.0,1.0,34.87,34.95,34.74,34.81,9203078.0,2017,2017Q4
AT&T,2017-11-27,34.84,35.01,34.55,34.68,26434472.0,0.0,1.0,34.84,35.01,34.55,34.68,26434472.0,2017,2017Q4
AT&T,2017-11-28,34.56,35.54,34.56,35.42,34375685.0,0.0,1.0,34.56,35.54,34.56,35.42,34375685.0,2017,2017Q4
AT&T,2017-11-29,35.48,36.55,35.41,36.48,52897586.0,0.0,1.0,35.48,36.55,35.41,36.48,52897586.0,2017,2017Q4
AT&T,2017-11-30,36.5,36.9,36.025,36.38,48940821.0,0.0,1.0,36.5,36.9,36.025,36.38,48940821.0,2017,2017Q4
AT&T,2017-12-01,36.35,36.75,35.925,36.5,31209602.0,0.0,1.0,36.35,36.75,35.925,36.5,31209602.0,2017,2017Q4
AT&T,2017-12-04,36.795,37.54,36.75,37.27,39850781.0,0.0,1.0,36.795,37.54,36.75,37.27,39850781.0,2017,2017Q4
AT&T,2017-12-05,37.2,37.29,36.52,36.55,31812442.0,0.0,1.0,37.2,37.29,36.52,36.55,31812442.0,2017,2017Q4
AT&T,2017-12-06,36.41,36.45,36.025,36.11,30901893.0,0.0,1.0,36.41,36.45,36.025,36.11,30901893.0,2017,2017Q4
AT&T,2017-12-07,36.13,36.4,35.81,36.17,24400622.0,0.0,1.0,36.13,36.4,35.81,36.17,24400622.0,2017,2017Q4
AT&T,2017-12-08,36.16,36.75,36.15,36.73,25299789.0,0.0,1.0,36.16,36.75,36.15,36.73,25299789.0,2017,2017Q4
AT&T,2017-12-11,36.65,36.94,36.52,36.9,23218110.0,0.0,1.0,36.65,36.94,36.52,36.9,23218110.0,2017,2017Q4
AT&T,2017-12-12,37.03,38.17,36.98,38.1,45683925.0,0.0,1.0,37.03,38.17,36.98,38.1,45683925.0,2017,2017Q4
T-Mobile,2017-01-03,58.1,58.91,57.75,58.32,3004143.0,0.0,1.0,58.1,58.91,57.75,58.32,3004143.0,2017,2017Q1
T-Mobile,2017-01-04,58.36,59.46,58.035,58.82,5540609.0,0.0,1.0,58.36,59.46,58.035,58.82,5540609.0,2017,2017Q1
T-Mobile,2017-01-05,58.77,59.42,57.08,57.61,5427228.0,0.0,1.0,58.77,59.42,57.08,57.61,5427228.0,2017,2017Q1
T-Mobile,2017-01-06,57.87,58.1399,56.64,56.77,4776635.0,0.0,1.0,57.87,58.1399,56.64,56.77,4776635.0,2017,2017Q1
T-Mobile,2017-01-09,56.57,56.99,56.27,56.67,3329740.0,0.0,1.0,56.57,56.99,56.27,56.67,3329740.0,2017,2017Q1
T-Mobile,2017-01-10,55.72,58.84,55.3,58.74,5458290.0,0.0,1.0,55.72,58.84,55.3,58.74,5458290.0,2017,2017Q1
T-Mobile,2017-01-11,58.54,58.94,57.28,57.46,4718211.0,0.0,1.0,58.54,58.94,57.28,57.46,4718211.0,2017,2017Q1
T-Mobile,2017-01-12,57.4,57.5,56.57,57.15,2286344.0,0.0,1.0,57.4,57.5,56.57,57.15,2286344.0,2017,2017Q1
T-Mobile,2017-01-13,57.25,57.85,56.69,57.19,1973738.0,0.0,1.0,57.25,57.85,56.69,57.19,1973738.0,2017,2017Q1
T-Mobile,2017-01-17,57.25,58.14,56.8901,57.05,4115157.0,0.0,1.0,57.25,58.14,56.8901,57.05,4115157.0,2017,2017Q1
T-Mobile,2017-01-18,57.54,58.85,57.39,58.66,5317671.0,0.0,1.0,57.54,58.85,57.39,58.66,5317671.0,2017,2017Q1
T-Mobile,2017-01-19,58.52,60.64,58.44,60.07,6036421.0,0.0,1.0,58.52,60.64,58.44,60.07,6036421.0,2017,2017Q1
T-Mobile,2017-01-20,60.54,60.73,59.51,59.62,3911818.0,0.0,1.0,60.54,60.73,59.51,59.62,3911818.0,2017,2017Q1
T-Mobile,2017-01-23,60.77,60.86,60.11,60.24,3560521.0,0.0,1.0,60.77,60.86,60.11,60.24,3560521.0,2017,2017Q1
T-Mobile,2017-01-24,60.01,60.57,59.62,60.22,3903013.0,0.0,1.0,60.01,60.57,59.62,60.22,3903013.0,2017,2017Q1
T-Mobile,2017-01-25,60.2,60.99,59.84,60.74,4003285.0,0.0,1.0,60.2,60.99,59.84,60.74,4003285.0,2017,2017Q1
T-Mobile,2017-01-26,61.11,63.64,61.1,63.37,12440292.0,0.0,1.0,61.11,63.64,61.1,63.37,12440292.0,2017,2017Q1
T-Mobile,2017-01-27,63.68,63.68,61.68,62.42,6294873.0,0.0,1.0,63.68,63.68,61.68,62.42,6294873.0,2017,2017Q1
T-Mobile,2017-01-30,61.91,62.08,60.59,61.13,5359778.0,0.0,1.0,61.91,62.08,60.59,61.13,5359778.0,2017,2017Q1
T-Mobile,2017-01-31,61.25,62.62,61.19,62.27,4502211.0,0.0,1.0,61.25,62.62,61.19,62.27,4502211.0,2017,2017Q1
T-Mobile,2017-02-01,62.26,63.65,62.24,63.26,8937496.0,0.0,1.0,62.26,63.65,62.24,63.26,8937496.0,2017,2017Q1
T-Mobile,2017-02-02,62.89,62.96,60.42,61.15,6004409.0,0.0,1.0,62.89,62.96,60.42,61.15,6004409.0,2017,2017Q1
T-Mobile,2017-02-03,61.25,61.71,60.81,61.36,5141014.0,0.0,1.0,61.25,61.71,60.81,61.36,5141014.0,2017,2017Q1
T-Mobile,2017-02-06,61.13,61.38,60.89,60.96,3762045.0,0.0,1.0,61.13,61.38,60.89,60.96,3762045.0,2017,2017Q1
T-Mobile,2017-02-07,61.03,62.05,60.61,61.89,3369774.0,0.0,1.0,61.03,62.05,60.61,61.89,3369774.0,2017,2017Q1
T-Mobile,2017-02-08,61.5,62.62,61.33,61.89,5555094.0,0.0,1.0,61.5,62.62,61.33,61.89,5555094.0,2017,2017Q1
T-Mobile,2017-02-09,61.71,62.42,61.71,62.25,3171467.0,0.0,1.0,61.71,62.42,61.71,62.25,3171467.0,2017,2017Q1
T-Mobile,2017-02-10,62.16,62.535,61.4,62.39,3829662.0,0.0,1.0,62.16,62.535,61.4,62.39,3829662.0,2017,2017Q1
T-Mobile,2017-02-13,60.59,61.0,60.032,60.9,11670065.0,0.0,1.0,60.59,61.0,60.032,60.9,11670065.0,2017,2017Q1
T-Mobile,2017-02-14,61.24,62.84,59.51,61.6,17976424.0,0.0,1.0,61.24,62.84,59.51,61.6,17976424.0,2017,2017Q1
T-Mobile,2017-02-15,61.47,61.8,60.725,61.295,9362416.0,0.0,1.0,61.47,61.8,60.725,61.295,9362416.0,2017,2017Q1
T-Mobile,2017-02-16,61.19,61.4,60.32,60.61,3852075.0,0.0,1.0,61.19,61.4,60.32,60.61,3852075.0,2017,2017Q1
T-Mobile,2017-02-17,60.54,65.41,59.89,63.92,13430310.0,0.0,1.0,60.54,65.41,59.89,63.92,13430310.0,2017,2017Q1
T-Mobile,2017-02-21,63.41,63.61,62.33,63.2,5579085.0,0.0,1.0,63.41,63.61,62.33,63.2,5579085.0,2017,2017Q1
T-Mobile,2017-02-22,63.27,63.47,62.62,63.08,2655124.0,0.0,1.0,63.27,63.47,62.62,63.08,2655124.0,2017,2017Q1
T-Mobile,2017-02-23,63.22,63.35,61.95,62.07,5342185.0,0.0,1.0,63.22,63.35,61.95,62.07,5342185.0,2017,2017Q1
T-Mobile,2017-02-24,62.1,62.58,61.72,62.21,4570798.0,0.0,1.0,62.1,62.58,61.72,62.21,4570798.0,2017,2017Q1
T-Mobile,2017-02-27,61.31,62.18,60.791,62.17,6179957.0,0.0,1.0,61.31,62.18,60.791,62.17,6179957.0,2017,2017Q1
T-Mobile,2017-02-28,62.25,62.89,61.7,62.53,4297878.0,0.0,1.0,62.25,62.89,61.7,62.53,4297878.0,2017,2017Q1
T-Mobile,2017-03-01,62.66,62.97,62.185,62.34,3777302.0,0.0,1.0,62.66,62.97,62.185,62.34,3777302.0,2017,2017Q1
T-Mobile,2017-03-02,62.2,62.86,61.67,62.54,3688096.0,0.0,1.0,62.2,62.86,61.67,62.54,3688096.0,2017,2017Q1
T-Mobile,2017-03-03,62.22,63.61,62.0,63.56,4357562.0,0.0,1.0,62.22,63.61,62.0,63.56,4357562.0,2017,2017Q1
T-Mobile,2017-03-06,63.16,63.5,62.51,62.84,3363677.0,0.0,1.0,63.16,63.5,62.51,62.84,3363677.0,2017,2017Q1
T-Mobile,2017-03-07,62.53,62.87,61.375,61.63,3738761.0,0.0,1.0,62.53,62.87,61.375,61.63,3738761.0,2017,2017Q1
T-Mobile,2017-03-08,61.42,62.1991,61.36,61.41,4697206.0,0.0,1.0,61.42,62.1991,61.36,61.41,4697206.0,2017,2017Q1
T-Mobile,2017-03-09,61.48,61.68,60.83,61.14,6050280.0,0.0,1.0,61.48,61.68,60.83,61.14,6050280.0,2017,2017Q1
T-Mobile,2017-03-10,61.58,61.865,60.88,61.48,4446033.0,0.0,1.0,61.58,61.865,60.88,61.48,4446033.0,2017,2017Q1
T-Mobile,2017-03-13,61.51,61.98,61.12,61.84,3604188.0,0.0,1.0,61.51,61.98,61.12,61.84,3604188.0,2017,2017Q1
T-Mobile,2017-03-14,61.8,62.04,61.14,61.35,2309579.0,0.0,1.0,61.8,62.04,61.14,61.35,2309579.0,2017,2017Q1
T-Mobile,2017-03-15,61.61,63.08,61.44,62.99,5470720.0,0.0,1.0,61.61,63.08,61.44,62.99,5470720.0,2017,2017Q1
T-Mobile,2017-03-16,63.09,63.19,62.07,62.39,2882741.0,0.0,1.0,63.09,63.19,62.07,62.39,2882741.0,2017,2017Q1
T-Mobile,2017-03-17,62.99,63.79,62.65,63.5,4563006.0,0.0,1.0,62.99,63.79,62.65,63.5,4563006.0,2017,2017Q1
T-Mobile,2017-03-20,63.39,63.55,62.75,63.11,2092661.0,0.0,1.0,63.39,63.55,62.75,63.11,2092661.0,2017,2017Q1
T-Mobile,2017-03-21,62.98,63.43,62.34,62.47,3416426.0,0.0,1.0,62.98,63.43,62.34,62.47,3416426.0,2017,2017Q1
T-Mobile,2017-03-22,62.68,63.58,62.49,63.27,4034534.0,0.0,1.0,62.68,63.58,62.49,63.27,4034534.0,2017,2017Q1
T-Mobile,2017-03-23,63.14,63.7,62.89,63.12,2169075.0,0.0,1.0,63.14,63.7,62.89,63.12,2169075.0,2017,2017Q1
T-Mobile,2017-03-24,63.54,64.76,63.26,64.17,4322745.0,0.0,1.0,63.54,64.76,63.26,64.17,4322745.0,2017,2017Q1
T-Mobile,2017-03-27,63.92,64.28,63.65,64.22,2595963.0,0.0,1.0,63.92,64.28,63.65,64.22,2595963.0,2017,2017Q1
T-Mobile,2017-03-28,64.0,64.42,63.64,64.23,3404197.0,0.0,1.0,64.0,64.42,63.64,64.23,3404197.0,2017,2017Q1
T-Mobile,2017-03-29,64.39,65.08,63.97,64.74,3681697.0,0.0,1.0,64.39,65.08,63.97,64.74,3681697.0,2017,2017Q1
T-Mobile,2017-03-30,64.75,65.21,64.29,65.13,2954193.0,0.0,1.0,64.75,65.21,64.29,65.13,2954193.0,2017,2017Q1
T-Mobile,2017-03-31,64.95,65.35,64.1825,64.59,4431770.0,0.0,1.0,64.95,65.35,64.1825,64.59,4431770.0,2017,2017Q1
T-Mobile,2017-04-03,64.2,64.32,62.97,63.55,4087809.0,0.0,1.0,64.2,64.32,62.97,63.55,4087809.0,2017,2017Q2
T-Mobile,2017-04-04,63.32,63.94,63.2606,63.68,2605265.0,0.0,1.0,63.32,63.94,63.2606,63.68,2605265.0,2017,2017Q2
T-Mobile,2017-04-05,63.76,64.0,63.38,63.5,2958458.0,0.0,1.0,63.76,64.0,63.38,63.5,2958458.0,2017,2017Q2
T-Mobile,2017-04-06,62.35,63.33,62.2232,63.24,6159983.0,0.0,1.0,62.35,63.33,62.2232,63.24,6159983.0,2017,2017Q2
T-Mobile,2017-04-07,63.27,64.145,63.14,63.58,2507205.0,0.0,1.0,63.27,64.145,63.14,63.58,2507205.0,2017,2017Q2
T-Mobile,2017-04-10,63.89,64.26,62.38,63.89,2386227.0,0.0,1.0,63.89,64.26,62.38,63.89,2386227.0,2017,2017Q2
T-Mobile,2017-04-11,63.84,64.02,63.45,63.93,2524360.0,0.0,1.0,63.84,64.02,63.45,63.93,2524360.0,2017,2017Q2
T-Mobile,2017-04-12,63.77,64.0,63.5,63.92,1549193.0,0.0,1.0,63.77,64.0,63.5,63.92,1549193.0,2017,2017Q2
T-Mobile,2017-04-13,64.15,64.36,63.7,64.04,2275266.0,0.0,1.0,64.15,64.36,63.7,64.04,2275266.0,2017,2017Q2
T-Mobile,2017-04-17,64.5,64.97,64.21,64.94,2387784.0,0.0,1.0,64.5,64.97,64.21,64.94,2387784.0,2017,2017Q2
T-Mobile,2017-04-18,64.82,65.33,64.575,64.61,1977813.0,0.0,1.0,64.82,65.33,64.575,64.61,1977813.0,2017,2017Q2
T-Mobile,2017-04-19,65.05,65.51,64.82,65.13,3405602.0,0.0,1.0,65.05,65.51,64.82,65.13,3405602.0,2017,2017Q2
T-Mobile,2017-04-20,65.21,65.41,64.78,64.81,2612092.0,0.0,1.0,65.21,65.41,64.78,64.81,2612092.0,2017,2017Q2
T-Mobile,2017-04-21,65.24,65.24,64.53,64.7,4858289.0,0.0,1.0,65.24,65.24,64.53,64.7,4858289.0,2017,2017Q2
T-Mobile,2017-04-24,65.03,65.97,64.97,65.93,5525634.0,0.0,1.0,65.03,65.97,64.97,65.93,5525634.0,2017,2017Q2
T-Mobile,2017-04-25,66.0,67.45,65.26,67.35,6519918.0,0.0,1.0,66.0,67.45,65.26,67.35,6519918.0,2017,2017Q2
T-Mobile,2017-04-26,67.69,67.7609,67.14,67.58,3529156.0,0.0,1.0,67.69,67.7609,67.14,67.58,3529156.0,2017,2017Q2
T-Mobile,2017-04-27,67.66,68.19,67.5,67.74,2839573.0,0.0,1.0,67.66,68.19,67.5,67.74,2839573.0,2017,2017Q2
T-Mobile,2017-04-28,67.79,67.87,66.97,67.27,3660666.0,0.0,1.0,67.79,67.87,66.97,67.27,3660666.0,2017,2017Q2
T-Mobile,2017-05-01,67.83,68.4,67.45,68.31,3455471.0,0.0,1.0,67.83,68.4,67.45,68.31,3455471.0,2017,2017Q2
T-Mobile,2017-05-02,68.56,68.88,66.57,66.94,3682526.0,0.0,1.0,68.56,68.88,66.57,66.94,3682526.0,2017,2017Q2
T-Mobile,2017-05-03,66.82,67.14,65.09,65.35,6259821.0,0.0,1.0,66.82,67.14,65.09,65.35,6259821.0,2017,2017Q2
T-Mobile,2017-05-04,65.48,65.63,64.91,65.48,3221936.0,0.0,1.0,65.48,65.63,64.91,65.48,3221936.0,2017,2017Q2
T-Mobile,2017-05-05,65.79,66.49,65.32,66.49,2677006.0,0.0,1.0,65.79,66.49,65.32,66.49,2677006.0,2017,2017Q2
T-Mobile,2017-05-08,66.84,67.072,65.83,66.15,3794369.0,0.0,1.0,66.84,67.072,65.83,66.15,3794369.0,2017,2017Q2
T-Mobile,2017-05-09,65.98,66.06,65.16,65.5,3383498.0,0.0,1.0,65.98,66.06,65.16,65.5,3383498.0,2017,2017Q2
T-Mobile,2017-05-10,66.94,67.63,65.94,66.0,5932190.0,0.0,1.0,66.94,67.63,65.94,66.0,5932190.0,2017,2017Q2
T-Mobile,2017-05-11,66.06,66.31,65.17,65.81,3021643.0,0.0,1.0,66.06,66.31,65.17,65.81,3021643.0,2017,2017Q2
T-Mobile,2017-05-12,66.83,66.87,65.25,65.55,3729776.0,0.0,1.0,66.83,66.87,65.25,65.55,3729776.0,2017,2017Q2
T-Mobile,2017-05-15,65.61,65.85,65.01,65.69,3101791.0,0.0,1.0,65.61,65.85,65.01,65.69,3101791.0,2017,2017Q2
T-Mobile,2017-05-16,65.65,66.28,65.5,65.91,3090244.0,0.0,1.0,65.65,66.28,65.5,65.91,3090244.0,2017,2017Q2
T-Mobile,2017-05-17,65.44,66.44,63.81,63.91,5942789.0,0.0,1.0,65.44,66.44,63.81,63.91,5942789.0,2017,2017Q2
T-Mobile,2017-05-18,63.75,66.27,63.63,65.72,4931614.0,0.0,1.0,63.75,66.27,63.63,65.72,4931614.0,2017,2017Q2
T-Mobile,2017-05-19,66.71,67.07,66.0,66.37,4970022.0,0.0,1.0,66.71,67.07,66.0,66.37,4970022.0,2017,2017Q2
T-Mobile,2017-05-22,66.33,67.24,66.25,67.22,2729319.0,0.0,1.0,66.33,67.24,66.25,67.22,2729319.0,2017,2017Q2
T-Mobile,2017-05-23,67.53,67.88,67.1,67.62,2099038.0,0.0,1.0,67.53,67.88,67.1,67.62,2099038.0,2017,2017Q2
T-Mobile,2017-05-24,67.82,67.94,67.05,67.89,2475678.0,0.0,1.0,67.82,67.94,67.05,67.89,2475678.0,2017,2017Q2
T-Mobile,2017-05-25,67.83,68.44,67.72,67.86,2217004.0,0.0,1.0,67.83,68.44,67.72,67.86,2217004.0,2017,2017Q2
T-Mobile,2017-05-26,67.88,68.045,67.52,67.8,2276364.0,0.0,1.0,67.88,68.045,67.52,67.8,2276364.0,2017,2017Q2
T-Mobile,2017-05-30,67.61,68.075,66.95,67.08,2823098.0,0.0,1.0,67.61,68.075,66.95,67.08,2823098.0,2017,2017Q2
T-Mobile,2017-05-31,67.08,67.56,66.776,67.42,5080444.0,0.0,1.0,67.08,67.56,66.776,67.42,5080444.0,2017,2017Q2
T-Mobile,2017-06-01,67.42,67.93,66.98,67.9,1928601.0,0.0,1.0,67.42,67.93,66.98,67.9,1928601.0,2017,2017Q2
T-Mobile,2017-06-02,67.93,68.42,67.77,68.32,1824990.0,0.0,1.0,67.93,68.42,67.77,68.32,1824990.0,2017,2017Q2
T-Mobile,2017-06-05,68.31,68.5,67.2903,67.4,3120275.0,0.0,1.0,68.31,68.5,67.2903,67.4,3120275.0,2017,2017Q2
T-Mobile,2017-06-06,67.2,67.49,66.025,66.11,4339009.0,0.0,1.0,67.2,67.49,66.025,66.11,4339009.0,2017,2017Q2
T-Mobile,2017-06-07,66.35,66.43,65.4997,65.92,3009679.0,0.0,1.0,66.35,66.43,65.4997,65.92,3009679.0,2017,2017Q2
T-Mobile,2017-06-08,66.04,66.25,65.0,65.69,5008669.0,0.0,1.0,66.04,66.25,65.0,65.69,5008669.0,2017,2017Q2
T-Mobile,2017-06-09,65.71,65.71,62.75,63.84,6314249.0,0.0,1.0,65.71,65.71,62.75,63.84,6314249.0,2017,2017Q2
T-Mobile,2017-06-12,63.56,64.78,63.52,64.67,3511221.0,0.0,1.0,63.56,64.78,63.52,64.67,3511221.0,2017,2017Q2
T-Mobile,2017-06-13,64.76,65.1,63.7,64.01,4471250.0,0.0,1.0,64.76,65.1,63.7,64.01,4471250.0,2017,2017Q2
T-Mobile,2017-06-14,63.91,64.1,62.85,63.27,2986171.0,0.0,1.0,63.91,64.1,62.85,63.27,2986171.0,2017,2017Q2
T-Mobile,2017-06-15,62.77,63.73,62.46,63.6,3851590.0,0.0,1.0,62.77,63.73,62.46,63.6,3851590.0,2017,2017Q2
T-Mobile,2017-06-16,63.27,63.81,62.47,63.13,7304382.0,0.0,1.0,63.27,63.81,62.47,63.13,7304382.0,2017,2017Q2
T-Mobile,2017-06-19,63.6,64.025,63.3,64.01,2930186.0,0.0,1.0,63.6,64.025,63.3,64.01,2930186.0,2017,2017Q2
T-Mobile,2017-06-20,63.8,64.53,62.76,63.98,6202068.0,0.0,1.0,63.8,64.53,62.76,63.98,6202068.0,2017,2017Q2
T-Mobile,2017-06-21,63.85,64.07,63.25,63.57,3193795.0,0.0,1.0,63.85,64.07,63.25,63.57,3193795.0,2017,2017Q2
T-Mobile,2017-06-22,63.63,63.96,63.26,63.56,4179772.0,0.0,1.0,63.63,63.96,63.26,63.56,4179772.0,2017,2017Q2
T-Mobile,2017-06-23,63.48,63.81,63.34,63.4,1767655.0,0.0,1.0,63.48,63.81,63.34,63.4,1767655.0,2017,2017Q2
T-Mobile,2017-06-26,63.6,63.79,63.12,63.15,1580398.0,0.0,1.0,63.6,63.79,63.12,63.15,1580398.0,2017,2017Q2
T-Mobile,2017-06-27,61.25,62.5399,60.72,61.01,10246628.0,0.0,1.0,61.25,62.5399,60.72,61.01,10246628.0,2017,2017Q2
T-Mobile,2017-06-28,61.01,61.5377,60.84,61.48,3138927.0,0.0,1.0,61.01,61.5377,60.84,61.48,3138927.0,2017,2017Q2
T-Mobile,2017-06-29,61.19,61.255,59.59,60.3,7177451.0,0.0,1.0,61.19,61.255,59.59,60.3,7177451.0,2017,2017Q2
T-Mobile,2017-06-30,60.88,61.0,59.94,60.62,4165450.0,0.0,1.0,60.88,61.0,59.94,60.62,4165450.0,2017,2017Q2
T-Mobile,2017-07-03,60.74,60.85,59.9,60.0,1637424.0,0.0,1.0,60.74,60.85,59.9,60.0,1637424.0,2017,2017Q3
T-Mobile,2017-07-05,59.88,60.32,59.38,59.95,6169319.0,0.0,1.0,59.88,60.32,59.38,59.95,6169319.0,2017,2017Q3
T-Mobile,2017-07-06,59.56,59.89,59.13,59.45,5477825.0,0.0,1.0,59.56,59.89,59.13,59.45,5477825.0,2017,2017Q3
T-Mobile,2017-07-07,59.45,60.16,59.26,60.01,3266657.0,0.0,1.0,59.45,60.16,59.26,60.01,3266657.0,2017,2017Q3
T-Mobile,2017-07-10,60.07,60.89,59.685,60.8,3961223.0,0.0,1.0,60.07,60.89,59.685,60.8,3961223.0,2017,2017Q3
T-Mobile,2017-07-11,60.74,61.47,60.665,61.23,3144362.0,0.0,1.0,60.74,61.47,60.665,61.23,3144362.0,2017,2017Q3
T-Mobile,2017-07-12,61.7,61.88,60.89,61.51,3039508.0,0.0,1.0,61.7,61.88,60.89,61.51,3039508.0,2017,2017Q3
T-Mobile,2017-07-13,61.5,61.73,60.745,60.91,2415526.0,0.0,1.0,61.5,61.73,60.745,60.91,2415526.0,2017,2017Q3
T-Mobile,2017-07-14,61.21,61.72,60.62,61.24,4877566.0,0.0,1.0,61.21,61.72,60.62,61.24,4877566.0,2017,2017Q3
T-Mobile,2017-07-17,61.04,61.735,60.75,61.38,3233328.0,0.0,1.0,61.04,61.735,60.75,61.38,3233328.0,2017,2017Q3
T-Mobile,2017-07-18,61.61,61.75,60.91,61.39,4481926.0,0.0,1.0,61.61,61.75,60.91,61.39,4481926.0,2017,2017Q3
T-Mobile,2017-07-19,61.51,62.08,61.13,61.97,5647018.0,0.0,1.0,61.51,62.08,61.13,61.97,5647018.0,2017,2017Q3
T-Mobile,2017-07-20,63.85,64.03,61.08,61.12,13480994.0,0.0,1.0,63.85,64.03,61.08,61.12,13480994.0,2017,2017Q3
T-Mobile,2017-07-21,61.28,62.73,61.08,62.58,6933738.0,0.0,1.0,61.28,62.73,61.08,62.58,6933738.0,2017,2017Q3
T-Mobile,2017-07-24,62.39,63.06,62.25,62.53,3529208.0,0.0,1.0,62.39,63.06,62.25,62.53,3529208.0,2017,2017Q3
T-Mobile,2017-07-25,62.5,62.82,62.25,62.36,3971780.0,0.0,1.0,62.5,62.82,62.25,62.36,3971780.0,2017,2017Q3
T-Mobile,2017-07-26,62.34,62.88,62.285,62.39,2679527.0,0.0,1.0,62.34,62.88,62.285,62.39,2679527.0,2017,2017Q3
T-Mobile,2017-07-27,62.39,62.75,61.43,61.62,3158499.0,0.0,1.0,62.39,62.75,61.43,61.62,3158499.0,2017,2017Q3
T-Mobile,2017-07-28,61.41,61.85,61.11,61.78,2751969.0,0.0,1.0,61.41,61.85,61.11,61.78,2751969.0,2017,2017Q3
T-Mobile,2017-07-31,62.25,62.51,61.09,61.66,3569586.0,0.0,1.0,62.25,62.51,61.09,61.66,3569586.0,2017,2017Q3
T-Mobile,2017-08-01,62.1,63.465,61.61,63.07,5472355.0,0.0,1.0,62.1,63.465,61.61,63.07,5472355.0,2017,2017Q3
T-Mobile,2017-08-02,63.22,63.725,62.75,63.63,3350601.0,0.0,1.0,63.22,63.725,62.75,63.63,3350601.0,2017,2017Q3
T-Mobile,2017-08-03,63.72,63.93,63.15,63.73,3092617.0,0.0,1.0,63.72,63.93,63.15,63.73,3092617.0,2017,2017Q3
T-Mobile,2017-08-04,63.94,64.53,63.56,64.52,3293148.0,0.0,1.0,63.94,64.53,63.56,64.52,3293148.0,2017,2017Q3
T-Mobile,2017-08-07,64.85,65.0,64.15,64.26,3518315.0,0.0,1.0,64.85,65.0,64.15,64.26,3518315.0,2017,2017Q3
T-Mobile,2017-08-08,64.04,64.37,63.65,63.9,1853097.0,0.0,1.0,64.04,64.37,63.65,63.9,1853097.0,2017,2017Q3
T-Mobile,2017-08-09,63.63,63.9499,63.19,63.8,2127804.0,0.0,1.0,63.63,63.9499,63.19,63.8,2127804.0,2017,2017Q3
T-Mobile,2017-08-10,63.31,63.94,62.12,62.47,2976867.0,0.0,1.0,63.31,63.94,62.12,62.47,2976867.0,2017,2017Q3
T-Mobile,2017-08-11,62.45,63.65,62.24,63.61,2442200.0,0.0,1.0,62.45,63.65,62.24,63.61,2442200.0,2017,2017Q3
T-Mobile,2017-08-14,64.19,64.19,63.67,63.78,2386885.0,0.0,1.0,64.19,64.19,63.67,63.78,2386885.0,2017,2017Q3
T-Mobile,2017-08-15,63.79,64.0,63.41,63.88,2352476.0,0.0,1.0,63.79,64.0,63.41,63.88,2352476.0,2017,2017Q3
T-Mobile,2017-08-16,63.75,64.48,63.55,64.28,2034684.0,0.0,1.0,63.75,64.48,63.55,64.28,2034684.0,2017,2017Q3
T-Mobile,2017-08-17,64.0,64.12,62.975,62.99,2374311.0,0.0,1.0,64.0,64.12,62.975,62.99,2374311.0,2017,2017Q3
T-Mobile,2017-08-18,62.87,63.47,62.71,63.0,1411329.0,0.0,1.0,62.87,63.47,62.71,63.0,1411329.0,2017,2017Q3
T-Mobile,2017-08-21,63.49,63.49,62.56,62.83,2133493.0,0.0,1.0,63.49,63.49,62.56,62.83,2133493.0,2017,2017Q3
T-Mobile,2017-08-22,63.21,64.5,63.05,64.355,2429386.0,0.0,1.0,63.21,64.5,63.05,64.355,2429386.0,2017,2017Q3
T-Mobile,2017-08-23,64.2,64.36,63.881,64.0,1720119.0,0.0,1.0,64.2,64.36,63.881,64.0,1720119.0,2017,2017Q3
T-Mobile,2017-08-24,63.96,64.32,63.73,63.97,1973068.0,0.0,1.0,63.96,64.32,63.73,63.97,1973068.0,2017,2017Q3
T-Mobile,2017-08-25,64.12,64.45,63.72,63.74,2189550.0,0.0,1.0,64.12,64.45,63.72,63.74,2189550.0,2017,2017Q3
T-Mobile,2017-08-28,64.0,64.0,63.57,63.72,1192080.0,0.0,1.0,64.0,64.0,63.57,63.72,1192080.0,2017,2017Q3
T-Mobile,2017-08-29,63.31,63.74,63.08,63.47,1240913.0,0.0,1.0,63.31,63.74,63.08,63.47,1240913.0,2017,2017Q3
T-Mobile,2017-08-30,63.47,64.37,63.43,64.25,1341090.0,0.0,1.0,63.47,64.37,63.43,64.25,1341090.0,2017,2017Q3
T-Mobile,2017-08-31,64.25,64.76,64.15,64.71,2277302.0,0.0,1.0,64.25,64.76,64.15,64.71,2277302.0,2017,2017Q3
T-Mobile,2017-09-01,64.78,64.86,64.04,64.16,1413543.0,0.0,1.0,64.78,64.86,64.04,64.16,1413543.0,2017,2017Q3
T-Mobile,2017-09-05,64.17,64.46,63.27,63.64,2164004.0,0.0,1.0,64.17,64.46,63.27,63.64,2164004.0,2017,2017Q3
T-Mobile,2017-09-06,63.81,64.15,63.14,63.79,2639164.0,0.0,1.0,63.81,64.15,63.14,63.79,2639164.0,2017,2017Q3
T-Mobile,2017-09-07,64.01,64.16,63.14,63.34,1785721.0,0.0,1.0,64.01,64.16,63.14,63.34,1785721.0,2017,2017Q3
T-Mobile,2017-09-08,63.4,63.54,62.585,62.74,2048919.0,0.0,1.0,63.4,63.54,62.585,62.74,2048919.0,2017,2017Q3
T-Mobile,2017-09-11,63.16,63.5,62.76,63.03,2150190.0,0.0,1.0,63.16,63.5,62.76,63.03,2150190.0,2017,2017Q3
T-Mobile,2017-09-12,63.01,63.76,62.59,62.98,1504511.0,0.0,1.0,63.01,63.76,62.59,62.98,1504511.0,2017,2017Q3
T-Mobile,2017-09-13,62.93,63.43,62.59,62.8,2410669.0,0.0,1.0,62.93,63.43,62.59,62.8,2410669.0,2017,2017Q3
T-Mobile,2017-09-14,62.47,62.61,61.08,61.17,4857224.0,0.0,1.0,62.47,62.61,61.08,61.17,4857224.0,2017,2017Q3
T-Mobile,2017-09-15,61.33,61.89,60.73,61.17,5431888.0,0.0,1.0,61.33,61.89,60.73,61.17,5431888.0,2017,2017Q3
T-Mobile,2017-09-18,60.95,61.99,60.75,61.8,4715770.0,0.0,1.0,60.95,61.99,60.75,61.8,4715770.0,2017,2017Q3
T-Mobile,2017-09-19,62.01,65.46,61.33,65.42,11696179.0,0.0,1.0,62.01,65.46,61.33,65.42,11696179.0,2017,2017Q3
T-Mobile,2017-09-20,65.32,65.47,63.09,63.52,4539189.0,0.0,1.0,65.32,65.47,63.09,63.52,4539189.0,2017,2017Q3
T-Mobile,2017-09-21,63.74,63.99,63.22,63.39,1882327.0,0.0,1.0,63.74,63.99,63.22,63.39,1882327.0,2017,2017Q3
T-Mobile,2017-09-22,63.85,64.53,63.41,64.06,6618504.0,0.0,1.0,63.85,64.53,63.41,64.06,6618504.0,2017,2017Q3
T-Mobile,2017-09-25,64.11,64.469,62.8,62.89,5962941.0,0.0,1.0,64.11,64.469,62.8,62.89,5962941.0,2017,2017Q3
T-Mobile,2017-09-26,63.06,63.36,62.77,63.03,2941362.0,0.0,1.0,63.06,63.36,62.77,63.03,2941362.0,2017,2017Q3
T-Mobile,2017-09-27,63.03,63.17,62.38,62.39,3780501.0,0.0,1.0,63.03,63.17,62.38,62.39,3780501.0,2017,2017Q3
T-Mobile,2017-09-28,62.12,62.25,61.69,61.92,4316164.0,0.0,1.0,62.12,62.25,61.69,61.92,4316164.0,2017,2017Q3
T-Mobile,2017-09-29,62.13,62.44,61.4,61.66,4957589.0,0.0,1.0,62.13,62.44,61.4,61.66,4957589.0,2017,2017Q3
T-Mobile,2017-10-02,61.34,61.78,61.07,61.52,3483175.0,0.0,1.0,61.34,61.78,61.07,61.52,3483175.0,2017,2017Q4
T-Mobile,2017-10-03,61.56,61.99,61.4,61.68,3890108.0,0.0,1.0,61.56,61.99,61.4,61.68,3890108.0,2017,2017Q4
T-Mobile,2017-10-04,61.42,62.25,61.28,61.5,5678057.0,0.0,1.0,61.42,62.25,61.28,61.5,5678057.0,2017,2017Q4
T-Mobile,2017-10-05,61.51,62.09,61.32,61.52,3926840.0,0.0,1.0,61.51,62.09,61.32,61.52,3926840.0,2017,2017Q4
T-Mobile,2017-10-06,61.63,62.63,61.6,62.41,4124683.0,0.0,1.0,61.63,62.63,61.6,62.41,4124683.0,2017,2017Q4
T-Mobile,2017-10-09,62.31,62.61,61.18,61.56,3145566.0,0.0,1.0,62.31,62.61,61.18,61.56,3145566.0,2017,2017Q4
T-Mobile,2017-10-10,61.69,61.78,61.11,61.23,3246630.0,0.0,1.0,61.69,61.78,61.11,61.23,3246630.0,2017,2017Q4
T-Mobile,2017-10-11,61.15,61.74,59.42,61.18,4402801.0,0.0,1.0,61.15,61.74,59.42,61.18,4402801.0,2017,2017Q4
T-Mobile,2017-10-12,61.07,61.665,60.71,61.28,2501246.0,0.0,1.0,61.07,61.665,60.71,61.28,2501246.0,2017,2017Q4
T-Mobile,2017-10-13,61.29,61.55,60.74,61.39,2388754.0,0.0,1.0,61.29,61.55,60.74,61.39,2388754.0,2017,2017Q4
T-Mobile,2017-10-16,61.52,61.65,60.9,60.97,1489268.0,0.0,1.0,61.52,61.65,60.9,60.97,1489268.0,2017,2017Q4
T-Mobile,2017-10-17,60.93,61.04,60.56,60.94,1316564.0,0.0,1.0,60.93,61.04,60.56,60.94,1316564.0,2017,2017Q4
T-Mobile,2017-10-18,60.87,60.91,60.25,60.68,3114213.0,0.0,1.0,60.87,60.91,60.25,60.68,3114213.0,2017,2017Q4
T-Mobile,2017-10-19,60.44,61.97,60.31,61.51,4417631.0,0.0,1.0,60.44,61.97,60.31,61.51,4417631.0,2017,2017Q4
T-Mobile,2017-10-20,61.97,61.98,60.28,60.46,3794216.0,0.0,1.0,61.97,61.98,60.28,60.46,3794216.0,2017,2017Q4
T-Mobile,2017-10-23,61.1,62.0,60.3,61.47,6733382.0,0.0,1.0,61.1,62.0,60.3,61.47,6733382.0,2017,2017Q4
T-Mobile,2017-10-24,61.74,62.4,61.54,62.28,3517525.0,0.0,1.0,61.74,62.4,61.54,62.28,3517525.0,2017,2017Q4
T-Mobile,2017-10-25,61.95,62.26,61.37,61.93,4030212.0,0.0,1.0,61.95,62.26,61.37,61.93,4030212.0,2017,2017Q4
T-Mobile,2017-10-26,62.18,62.32,61.51,61.73,2828406.0,0.0,1.0,62.18,62.32,61.51,61.73,2828406.0,2017,2017Q4
T-Mobile,2017-10-27,61.47,63.0,61.47,62.95,3031792.0,0.0,1.0,61.47,63.0,61.47,62.95,3031792.0,2017,2017Q4
T-Mobile,2017-10-30,62.67,63.075,59.21,59.58,14183594.0,0.0,1.0,62.67,63.075,59.21,59.58,14183594.0,2017,2017Q4
T-Mobile,2017-10-31,59.64,60.25,59.32,59.77,7255753.0,0.0,1.0,59.64,60.25,59.32,59.77,7255753.0,2017,2017Q4
T-Mobile,2017-11-01,60.14,60.4,59.36,59.75,3176312.0,0.0,1.0,60.14,60.4,59.36,59.75,3176312.0,2017,2017Q4
T-Mobile,2017-11-02,59.76,60.11,58.13,58.3,5771088.0,0.0,1.0,59.76,60.11,58.13,58.3,5771088.0,2017,2017Q4
T-Mobile,2017-11-03,59.01,59.44,58.575,58.91,3927089.0,0.0,1.0,59.01,59.44,58.575,58.91,3927089.0,2017,2017Q4
T-Mobile,2017-11-06,56.2,56.5,54.93,55.54,16904727.0,0.0,1.0,56.2,56.5,54.93,55.54,16904727.0,2017,2017Q4
T-Mobile,2017-11-07,55.78,56.03,54.6,55.36,8539916.0,0.0,1.0,55.78,56.03,54.6,55.36,8539916.0,2017,2017Q4
T-Mobile,2017-11-09,56.5,56.569,55.63,56.0,4905470.0,0.0,1.0,56.5,56.569,55.63,56.0,4905470.0,2017,2017Q4
T-Mobile,2017-11-10,55.69,57.04,55.54,56.8,5425384.0,0.0,1.0,55.69,57.04,55.54,56.8,5425384.0,2017,2017Q4
T-Mobile,2017-11-13,56.8,56.89,55.91,56.44,3248949.0,0.0,1.0,56.8,56.89,55.91,56.44,3248949.0,2017,2017Q4
T-Mobile,2017-11-14,56.39,56.96,55.96,56.54,5034511.0,0.0,1.0,56.39,56.96,55.96,56.54,5034511.0,2017,2017Q4
T-Mobile,2017-11-15,56.8,56.99,56.18,56.69,3486954.0,0.0,1.0,56.8,56.99,56.18,56.69,3486954.0,2017,2017Q4
T-Mobile,2017-11-16,56.81,59.975,56.81,59.8,10197981.0,0.0,1.0,56.81,59.975,56.81,59.8,10197981.0,2017,2017Q4
T-Mobile,2017-11-17,59.55,60.07,58.96,60.02,6789590.0,0.0,1.0,59.55,60.07,58.96,60.02,6789590.0,2017,2017Q4
T-Mobile,2017-11-20,59.745,60.45,59.58,60.3,4200849.0,0.0,1.0,59.745,60.45,59.58,60.3,4200849.0,2017,2017Q4
T-Mobile,2017-11-21,61.1,61.25,60.23,60.41,5157880.0,0.0,1.0,61.1,61.25,60.23,60.41,5157880.0,2017,2017Q4
T-Mobile,2017-11-22,60.41,61.4297,60.41,61.35,6581035.0,0.0,1.0,60.41,61.4297,60.41,61.35,6581035.0,2017,2017Q4
T-Mobile,2017-11-24,60.81,62.09,60.75,61.68,2129277.0,0.0,1.0,60.81,62.09,60.75,61.68,2129277.0,2017,2017Q4
T-Mobile,2017-11-27,62.2,62.93,61.29,62.78,5099149.0,0.0,1.0,62.2,62.93,61.29,62.78,5099149.0,2017,2017Q4
T-Mobile,2017-11-28,62.34,62.4125,61.0,61.38,5456124.0,0.0,1.0,62.34,62.4125,61.0,61.38,5456124.0,2017,2017Q4
T-Mobile,2017-11-29,61.56,62.66,61.42,61.83,3654350.0,0.0,1.0,61.56,62.66,61.42,61.83,3654350.0,2017,2017Q4
T-Mobile,2017-11-30,61.89,62.4,60.75,61.07,7071650.0,0.0,1.0,61.89,62.4,60.75,61.07,7071650.0,2017,2017Q4
T-Mobile,2017-12-01,60.35,61.255,60.15,60.9,4920470.0,0.0,1.0,60.35,61.255,60.15,60.9,4920470.0,2017,2017Q4
T-Mobile,2017-12-04,61.2,61.78,60.2,60.24,3892787.0,0.0,1.0,61.2,61.78,60.2,60.24,3892787.0,2017,2017Q4
T-Mobile,2017-12-05,60.5,61.34,60.3,60.96,3623681.0,0.0,1.0,60.5,61.34,60.3,60.96,3623681.0,2017,2017Q4
T-Mobile,2017-12-06,60.53,62.25,59.96,62.12,5126825.0,0.0,1.0,60.53,62.25,59.96,62.12,5126825.0,2017,2017Q4
T-Mobile,2017-12-07,61.58,62.92,61.3956,61.92,4452452.0,0.0,1.0,61.58,62.92,61.3956,61.92,4452452.0,2017,2017Q4
T-Mobile,2017-12-08,62.47,62.98,62.34,62.54,3694255.0,0.0,1.0,62.47,62.98,62.34,62.54,3694255.0,2017,2017Q4
T-Mobile,2017-12-11,62.56,63.47,62.56,63.07,3237657.0,0.0,1.0,62.56,63.47,62.56,63.07,3237657.0,2017,2017Q4
T-Mobile,2017-12-12,63.05,63.94,63.05,63.48,3602604.0,0.0,1.0,63.05,63.94,63.05,63.48,3602604.0,2017,2017Q4
Verizon,2017-01-03,53.96,54.67,53.73,54.58,22891725.0,0.0,1.0,52.75317499164175,53.447295715215986,52.52831898259657,53.359308581241784,22891725.0,2017,2017Q1
Verizon,2017-01-04,54.55,54.81,54.33,54.52,18315735.0,0.0,1.0,53.329979536583714,53.58416459028696,53.1148998757579,53.30065049192565,18315735.0,2017,2017Q1
Verizon,2017-01-05,54.78,54.83,54.3,54.64,13840040.0,0.0,1.0,53.55483554562889,53.60371728672567,53.08557083109983,53.41796667055792,13840040.0,2017,2017Q1
Verizon,2017-01-06,53.67,53.78,53.095,53.26,15615037.0,0.577,1.0,53.03809863896995,53.1468035178648,52.4698685902014,52.632925908543676,15615037.0,2017,2017Q1
Verizon,2017-01-09,53.22,53.265,52.67,52.68,14097045.0,0.0,1.0,52.59339686167282,52.637867039402536,52.04987246719857,52.059754728916275,14097045.0,2017,2017Q1
Verizon,2017-01-10,52.69,53.16,52.02,52.76,11787399.0,0.0,1.0,52.06963699063399,52.534103291366534,51.40752545554717,52.13881282265799,11787399.0,2017,2017Q1
Verizon,2017-01-11,52.62,52.75,52.235,52.46,16142843.0,0.0,1.0,52.000461158609994,52.128930560940276,51.619994082478016,51.84234497112658,16142843.0,2017,2017Q1
Verizon,2017-01-12,52.43,52.89,52.265,52.68,11052102.0,0.0,1.0,51.81269818597343,52.26728222498827,51.649640867631156,52.059754728916275,11052102.0,2017,2017Q1
Verizon,2017-01-13,52.72,52.9,52.41,52.55,9458640.0,0.0,1.0,52.09928377578713,52.27716448670598,51.792933662538005,51.93128532658599,9458640.0,2017,2017Q1
Verizon,2017-01-17,52.55,52.89,52.5,52.74,11383490.0,0.0,1.0,51.93128532658599,52.26728222498827,51.88187401799743,52.11904829922256,11383490.0,2017,2017Q1
Verizon,2017-01-18,52.52,52.835,52.21,52.25,12930855.0,0.0,1.0,51.90163854143286,52.212929785540844,51.59528842818373,51.63481747505458,12930855.0,2017,2017Q1
Verizon,2017-01-19,52.55,52.64,52.18,52.36,13286142.0,0.0,1.0,51.93128532658599,52.02022568204542,51.56564164303059,51.74352235394944,13286142.0,2017,2017Q1
Verizon,2017-01-20,52.6,53.2,52.56,52.72,15468202.0,0.0,1.0,51.98069663517457,52.573632338237395,51.94116758830371,52.09928377578713,15468202.0,2017,2017Q1
Verizon,2017-01-23,52.46,52.7,52.18,52.41,15695013.0,0.0,1.0,51.84234497112658,52.07951925235171,51.56564164303059,51.792933662538005,15695013.0,2017,2017Q1
Verizon,2017-01-24,50.255,50.79,49.79,50.12,43484680.0,0.0,1.0,49.66330626237068,50.19200726426837,49.20378109249699,49.52989572918155,43484680.0,2017,2017Q1
Verizon,2017-01-25,49.5,49.94,48.84,49.77,30398594.0,0.0,1.0,48.91719550268329,49.3520150182627,48.26496622931418,49.18401656906157,30398594.0,2017,2017Q1
Verizon,2017-01-26,48.75,49.47,48.51,49.12,37873151.0,0.0,1.0,48.176025873854755,48.88754871753015,47.938851592629625,48.54166955741017,37873151.0,2017,2017Q1
Verizon,2017-01-27,49.35,49.73,49.27,49.6,18361579.0,0.0,1.0,48.76896157691758,49.14448752219071,48.689903483175875,49.01601811986043,18361579.0,2017,2017Q1
Verizon,2017-01-30,49.49,49.84,49.18,49.37,12148650.0,0.0,1.0,48.90731324096558,49.25319240108556,48.60096312771645,48.78872610035301,12148650.0,2017,2017Q1
Verizon,2017-01-31,49.21,49.47,48.93,49.01,16843899.0,0.0,1.0,48.630609912869595,48.88754871753015,48.353906584773604,48.43296467851531,16843899.0,2017,2017Q1
Verizon,2017-02-01,49.34,49.37,48.25,48.39,25998820.0,0.0,1.0,48.75907931519988,48.78872610035301,47.68191278796907,47.82026445201706,25998820.0,2017,2017Q1
Verizon,2017-02-02,48.54,48.59,47.9,48.28,17787157.0,0.0,1.0,47.968498377782765,48.01790968637134,47.33603362784908,47.71155957312221,17787157.0,2017,2017Q1
Verizon,2017-02-03,48.45,48.62,48.33,48.58,15166338.0,0.0,1.0,47.879558022323344,48.04755647152447,47.760970881710776,48.00802742465362,15166338.0,2017,2017Q1
Verizon,2017-02-06,48.67,48.67,47.94,48.03,16149010.0,0.0,1.0,48.09696778011305,48.09696778011305,47.37556267471994,47.464503030179365,16149010.0,2017,2017Q1
Verizon,2017-02-07,48.13,48.16,47.8,48.04,12771352.0,0.0,1.0,47.5633256473565,47.59297243250964,47.23721101067194,47.47438529189708,12771352.0,2017,2017Q1
Verizon,2017-02-08,48.15,48.57,48.1,48.37,13961169.0,0.0,1.0,47.58309017079193,47.998145162935906,47.53367886220336,47.80049992858163,13961169.0,2017,2017Q1
Verizon,2017-02-09,48.52,48.96,48.41,48.81,13577346.0,0.0,1.0,47.94873385434734,48.383553369926744,47.84002897545248,48.23531944416104,13577346.0,2017,2017Q1
Verizon,2017-02-10,48.94,49.12,48.69,48.98,12317356.0,0.0,1.0,48.36378884649132,48.54166955741017,48.116732303548474,48.40331789336217,12317356.0,2017,2017Q1
Verizon,2017-02-13,48.27,48.615,48.08,48.55,18305342.0,0.0,1.0,47.701677311404495,48.04261534066562,47.51391433876793,47.97838063950048,18305342.0,2017,2017Q1
Verizon,2017-02-14,48.31,48.47,47.99,48.27,20846326.0,0.0,1.0,47.74120635827535,47.89932254575877,47.42497398330851,47.701677311404495,20846326.0,2017,2017Q1
Verizon,2017-02-15,48.0,48.1,47.8,48.08,19297054.0,0.0,1.0,47.434856245026225,47.53367886220336,47.23721101067194,47.51391433876793,19297054.0,2017,2017Q1
Verizon,2017-02-16,48.03,48.52,47.89,48.46,18706949.0,0.0,1.0,47.464503030179365,47.94873385434734,47.32615136613137,47.88944028404106,18706949.0,2017,2017Q1
Verizon,2017-02-17,48.31,49.3,48.13,49.19,23189694.0,0.0,1.0,47.74120635827535,48.71955026832901,47.5633256473565,48.61084538943416,23189694.0,2017,2017Q1
Verizon,2017-02-21,49.51,49.69,49.23,49.43,19203379.0,0.0,1.0,48.927077764401005,49.10495847531985,48.650374436305015,48.84801967065929,19203379.0,2017,2017Q1
Verizon,2017-02-22,49.5,49.7,49.48,49.67,13653423.0,0.0,1.0,48.91719550268329,49.11484073703757,48.89743097924786,49.08519395188443,13653423.0,2017,2017Q1
Verizon,2017-02-23,49.98,50.5,49.67,50.31,16211994.0,0.0,1.0,49.39154406513355,49.90542167445467,49.08519395188443,49.71765870181811,16211994.0,2017,2017Q1
Verizon,2017-02-24,50.28,50.945,50.28,50.6,14357916.0,0.0,1.0,49.68801191666497,50.34518232089293,49.68801191666497,50.00424429163181,14357916.0,2017,2017Q1
Verizon,2017-02-27,50.49,50.55,49.8,49.94,14028319.0,0.0,1.0,49.89553941273696,49.95483298304324,49.2136633542147,49.3520150182627,14028319.0,2017,2017Q1
Verizon,2017-02-28,49.96,50.03,49.41,49.63,17694874.0,0.0,1.0,49.371779541698125,49.440955373722126,48.828255147223864,49.045664905013574,17694874.0,2017,2017Q1
Verizon,2017-03-01,49.56,49.98,49.37,49.81,16095603.0,0.0,1.0,48.97648907298957,49.39154406513355,48.78872610035301,49.22354561593242,16095603.0,2017,2017Q1
Verizon,2017-03-02,49.69,50.02,49.6,49.98,10773347.0,0.0,1.0,49.10495847531985,49.43107311200441,49.01601811986043,49.39154406513355,10773347.0,2017,2017Q1
Verizon,2017-03-03,50.05,50.14,49.8,50.09,11075118.0,0.0,1.0,49.460719897157546,49.549660252616974,49.2136633542147,49.50024894402841,11075118.0,2017,2017Q1
Verizon,2017-03-06,50.03,50.145,49.84,50.03,10827336.0,0.0,1.0,49.440955373722126,49.554601383475834,49.25319240108556,49.440955373722126,10827336.0,2017,2017Q1
Verizon,2017-03-07,50.0,50.06,49.36,49.44,12895567.0,0.0,1.0,49.41130858856898,49.470602158875266,48.7788438386353,48.857901932377004,12895567.0,2017,2017Q1
Verizon,2017-03-08,49.3,49.33,48.9,49.16,14206492.0,0.0,1.0,48.71955026832901,48.749197053482156,48.324259799620464,48.58119860428102,14206492.0,2017,2017Q1
Verizon,2017-03-09,49.22,49.4499,49.075,49.28,10590012.0,0.0,1.0,48.6404921745873,48.86768537147754,48.49719937968046,48.69978574489359,10590012.0,2017,2017Q1
Verizon,2017-03-10,49.5,49.52,49.1,49.35,11181573.0,0.0,1.0,48.91719550268329,48.93696002611872,48.52190503397474,48.76896157691758,11181573.0,2017,2017Q1
Verizon,2017-03-13,49.33,49.53,49.13,49.47,10488812.0,0.0,1.0,48.749197053482156,48.94684228783643,48.55155181912788,48.88754871753015,10488812.0,2017,2017Q1
Verizon,2017-03-14,49.44,49.625,49.25,49.36,8496589.0,0.0,1.0,48.857901932377004,49.04072377415471,48.67013895974045,48.7788438386353,8496589.0,2017,2017Q1
Verizon,2017-03-15,49.26,50.25,49.26,50.14,12660774.0,0.0,1.0,48.680021221458155,49.65836513151183,48.680021221458155,49.549660252616974,12660774.0,2017,2017Q1
Verizon,2017-03-16,50.02,50.25,49.85,50.04,10861242.0,0.0,1.0,49.43107311200441,49.65836513151183,49.26307466280328,49.45083763543983,10861242.0,2017,2017Q1
Verizon,2017-03-17,50.19,50.425,50.02,50.39,21071260.0,0.0,1.0,49.59907156120554,49.83130471157182,49.43107311200441,49.79671679555982,21071260.0,2017,2017Q1
Verizon,2017-03-20,50.42,50.61,50.14,50.24,9455972.0,0.0,1.0,49.826363580712965,50.01412655334952,49.549660252616974,49.648482869794115,9455972.0,2017,2017Q1
Verizon,2017-03-21,50.48,50.63,50.12,50.16,15196517.0,0.0,1.0,49.88565715101924,50.033891076784954,49.52989572918155,49.5694247760524,15196517.0,2017,2017Q1
Verizon,2017-03-22,50.13,50.275,49.405,49.71,14950443.0,0.0,1.0,49.53977799089926,49.68307078580611,48.82331401636501,49.12472299875528,14950443.0,2017,2017Q1
Verizon,2017-03-23,49.75,49.88,49.42,49.64,9644949.0,0.0,1.0,49.164252045626135,49.29272144795642,48.838137408941584,49.05554716673129,9644949.0,2017,2017Q1
Verizon,2017-03-24,49.7,49.83,49.5,49.68,9310365.0,0.0,1.0,49.11484073703757,49.24331013936784,48.91719550268329,49.09507621360214,9310365.0,2017,2017Q1
Verizon,2017-03-27,49.68,49.76,48.92,49.14,13270862.0,0.0,1.0,49.09507621360214,49.17413430734385,48.34402432305589,48.56143408084559,13270862.0,2017,2017Q1
Verizon,2017-03-28,49.01,49.345,48.67,49.3,12845463.0,0.0,1.0,48.43296467851531,48.76402044605872,48.09696778011305,48.71955026832901,12845463.0,2017,2017Q1
Verizon,2017-03-29,49.28,49.37,49.03,49.13,11160787.0,0.0,1.0,48.69978574489359,48.78872610035301,48.452729201950746,48.55155181912788,11160787.0,2017,2017Q1
Verizon,2017-03-30,49.0,49.24,48.9,49.06,11623010.0,0.0,1.0,48.4230824167976,48.660256698022735,48.324259799620464,48.482375987103886,11623010.0,2017,2017Q1
Verizon,2017-03-31,49.1,49.1,48.75,48.75,19299124.0,0.0,1.0,48.52190503397474,48.52190503397474,48.176025873854755,48.176025873854755,19299124.0,2017,2017Q1
Verizon,2017-04-03,48.73,49.25,48.59,49.18,14307094.0,0.0,1.0,48.15626135041933,48.67013895974045,48.01790968637134,48.60096312771645,14307094.0,2017,2017Q2
Verizon,2017-04-04,49.1,49.32,48.88,49.31,8952710.0,0.0,1.0,48.52190503397474,48.73931479176444,48.30449527618504,48.72943253004673,8952710.0,2017,2017Q2
Verizon,2017-04-05,49.43,49.55,49.01,49.02,14327569.0,0.0,1.0,48.84801967065929,48.96660681127186,48.43296467851531,48.44284694023303,14327569.0,2017,2017Q2
Verizon,2017-04-06,48.52,48.6,48.17,48.43,18456149.0,0.577,1.0,48.52,48.6,48.17,48.43,18456149.0,2017,2017Q2
Verizon,2017-04-07,48.48,48.92,48.26,48.66,17269451.0,0.0,1.0,48.48,48.92,48.26,48.66,17269451.0,2017,2017Q2
Verizon,2017-04-10,48.72,48.88,48.45,48.54,10859384.0,0.0,1.0,48.72,48.88,48.45,48.54,10859384.0,2017,2017Q2
Verizon,2017-04-11,48.51,48.75,48.295,48.7,13096137.0,0.0,1.0,48.51,48.75,48.295,48.7,13096137.0,2017,2017Q2
Verizon,2017-04-12,48.53,48.94,48.34,48.92,10455754.0,0.0,1.0,48.53,48.94,48.34,48.92,10455754.0,2017,2017Q2
Verizon,2017-04-13,48.8,48.92,48.57,48.62,9486987.0,0.0,1.0,48.8,48.92,48.57,48.62,9486987.0,2017,2017Q2
Verizon,2017-04-17,48.68,49.1,48.68,48.81,10507780.0,0.0,1.0,48.68,49.1,48.68,48.81,10507780.0,2017,2017Q2
Verizon,2017-04-18,48.62,49.49,48.54,49.22,19691292.0,0.0,1.0,48.62,49.49,48.54,49.22,19691292.0,2017,2017Q2
Verizon,2017-04-19,49.44,49.55,48.89,48.94,18837325.0,0.0,1.0,49.44,49.55,48.89,48.94,18837325.0,2017,2017Q2
Verizon,2017-04-20,47.92,48.62,47.71,48.41,30397732.0,0.0,1.0,47.92,48.62,47.71,48.41,30397732.0,2017,2017Q2
Verizon,2017-04-21,47.92,48.17,47.13,47.25,31278325.0,0.0,1.0,47.92,48.17,47.13,47.25,31278325.0,2017,2017Q2
Verizon,2017-04-24,47.13,47.36,46.96,47.05,23161886.0,0.0,1.0,47.13,47.36,46.96,47.05,23161886.0,2017,2017Q2
Verizon,2017-04-25,46.96,47.27,46.58,46.7,29709176.0,0.0,1.0,46.96,47.27,46.58,46.7,29709176.0,2017,2017Q2
Verizon,2017-04-26,46.75,47.53,46.62,47.36,29288084.0,0.0,1.0,46.75,47.53,46.62,47.36,29288084.0,2017,2017Q2
Verizon,2017-04-27,47.36,47.39,46.66,46.67,16684409.0,0.0,1.0,47.36,47.39,46.66,46.67,16684409.0,2017,2017Q2
Verizon,2017-04-28,46.64,46.64,45.89,45.91,25876156.0,0.0,1.0,46.64,46.64,45.89,45.91,25876156.0,2017,2017Q2
Verizon,2017-05-01,46.06,46.15,45.88,45.88,14450175.0,0.0,1.0,46.06,46.15,45.88,45.88,14450175.0,2017,2017Q2
Verizon,2017-05-02,46.0,46.1,45.76,45.91,12472211.0,0.0,1.0,46.0,46.1,45.76,45.91,12472211.0,2017,2017Q2
Verizon,2017-05-03,46.02,46.25,45.83,46.15,19411414.0,0.0,1.0,46.02,46.25,45.83,46.15,19411414.0,2017,2017Q2
Verizon,2017-05-04,46.18,46.18,45.76,45.88,20677304.0,0.0,1.0,46.18,46.18,45.76,45.88,20677304.0,2017,2017Q2
Verizon,2017-05-05,46.08,46.73,46.0,46.69,16406038.0,0.0,1.0,46.08,46.73,46.0,46.69,16406038.0,2017,2017Q2
Verizon,2017-05-08,46.72,46.74,46.29,46.63,15554224.0,0.0,1.0,46.72,46.74,46.29,46.63,15554224.0,2017,2017Q2
Verizon,2017-05-09,46.52,46.59,46.16,46.42,14287840.0,0.0,1.0,46.52,46.59,46.16,46.42,14287840.0,2017,2017Q2
Verizon,2017-05-10,46.4,46.63,46.31,46.38,12645647.0,0.0,1.0,46.4,46.63,46.31,46.38,12645647.0,2017,2017Q2
Verizon,2017-05-11,46.31,46.37,45.975,46.02,12292447.0,0.0,1.0,46.31,46.37,45.975,46.02,12292447.0,2017,2017Q2
Verizon,2017-05-12,46.12,46.16,45.805,45.84,14315364.0,0.0,1.0,46.12,46.16,45.805,45.84,14315364.0,2017,2017Q2
Verizon,2017-05-15,45.91,45.94,45.25,45.38,20278218.0,0.0,1.0,45.91,45.94,45.25,45.38,20278218.0,2017,2017Q2
Verizon,2017-05-16,45.34,45.65,45.25,45.31,14723156.0,0.0,1.0,45.34,45.65,45.25,45.31,14723156.0,2017,2017Q2
Verizon,2017-05-17,44.95,44.98,44.46,44.48,21202187.0,0.0,1.0,44.95,44.98,44.46,44.48,21202187.0,2017,2017Q2
Verizon,2017-05-18,44.5,45.285,44.47,45.04,15552680.0,0.0,1.0,44.5,45.285,44.47,45.04,15552680.0,2017,2017Q2
Verizon,2017-05-19,45.16,45.44,44.76,45.42,12697403.0,0.0,1.0,45.16,45.44,44.76,45.42,12697403.0,2017,2017Q2
Verizon,2017-05-22,45.39,45.555,45.28,45.48,9037374.0,0.0,1.0,45.39,45.555,45.28,45.48,9037374.0,2017,2017Q2
Verizon,2017-05-23,45.48,45.58,45.4,45.48,8048438.0,0.0,1.0,45.48,45.58,45.4,45.48,8048438.0,2017,2017Q2
Verizon,2017-05-24,45.45,45.49,44.85,45.04,15845971.0,0.0,1.0,45.45,45.49,44.85,45.04,15845971.0,2017,2017Q2
Verizon,2017-05-25,45.05,45.38,45.01,45.31,11194290.0,0.0,1.0,45.05,45.38,45.01,45.31,11194290.0,2017,2017Q2
Verizon,2017-05-26,45.25,45.4366,45.24,45.32,5906538.0,0.0,1.0,45.25,45.4366,45.24,45.32,5906538.0,2017,2017Q2
Verizon,2017-05-30,45.26,46.33,45.26,46.2,16430251.0,0.0,1.0,45.26,46.33,45.26,46.2,16430251.0,2017,2017Q2
Verizon,2017-05-31,46.43,46.945,46.255,46.64,22278577.0,0.0,1.0,46.43,46.945,46.255,46.64,22278577.0,2017,2017Q2
Verizon,2017-06-01,46.71,46.71,46.1,46.51,14145433.0,0.0,1.0,46.71,46.71,46.1,46.51,14145433.0,2017,2017Q2
Verizon,2017-06-02,46.63,47.19,46.32,46.44,18482943.0,0.0,1.0,46.63,47.19,46.32,46.44,18482943.0,2017,2017Q2
Verizon,2017-06-05,46.17,46.42,46.02,46.37,8480622.0,0.0,1.0,46.17,46.42,46.02,46.37,8480622.0,2017,2017Q2
Verizon,2017-06-06,46.37,46.81,46.24,46.44,11558524.0,0.0,1.0,46.37,46.81,46.24,46.44,11558524.0,2017,2017Q2
Verizon,2017-06-07,46.52,46.7,46.3639,46.5,8648120.0,0.0,1.0,46.52,46.7,46.3639,46.5,8648120.0,2017,2017Q2
Verizon,2017-06-08,46.5,46.56,46.0,46.19,11650763.0,0.0,1.0,46.5,46.56,46.0,46.19,11650763.0,2017,2017Q2
Verizon,2017-06-09,46.17,46.78,46.01,46.72,11692255.0,0.0,1.0,46.17,46.78,46.01,46.72,11692255.0,2017,2017Q2
Verizon,2017-06-12,46.8,47.5,46.79,47.19,18909827.0,0.0,1.0,46.8,47.5,46.79,47.19,18909827.0,2017,2017Q2
Verizon,2017-06-13,47.3,47.31,46.4,46.46,15114853.0,0.0,1.0,47.3,47.31,46.4,46.46,15114853.0,2017,2017Q2
Verizon,2017-06-14,46.63,46.78,46.41,46.69,9787972.0,0.0,1.0,46.63,46.78,46.41,46.69,9787972.0,2017,2017Q2
Verizon,2017-06-15,46.58,46.83,46.495,46.64,10891440.0,0.0,1.0,46.58,46.83,46.495,46.64,10891440.0,2017,2017Q2
Verizon,2017-06-16,46.86,47.0,46.33,46.63,22484736.0,0.0,1.0,46.86,47.0,46.33,46.63,22484736.0,2017,2017Q2
Verizon,2017-06-19,46.63,46.63,46.29,46.57,9619188.0,0.0,1.0,46.63,46.63,46.29,46.57,9619188.0,2017,2017Q2
Verizon,2017-06-20,46.4,46.405,45.735,45.94,16692690.0,0.0,1.0,46.4,46.405,45.735,45.94,16692690.0,2017,2017Q2
Verizon,2017-06-21,45.95,46.02,45.09,45.41,14986199.0,0.0,1.0,45.95,46.02,45.09,45.41,14986199.0,2017,2017Q2
Verizon,2017-06-22,45.47,45.59,45.18,45.42,10492604.0,0.0,1.0,45.47,45.59,45.18,45.42,10492604.0,2017,2017Q2
Verizon,2017-06-23,45.43,45.46,45.3,45.39,9039935.0,0.0,1.0,45.43,45.46,45.3,45.39,9039935.0,2017,2017Q2
Verizon,2017-06-26,45.45,45.98,45.45,45.75,10101772.0,0.0,1.0,45.45,45.98,45.45,45.75,10101772.0,2017,2017Q2
Verizon,2017-06-27,44.97,45.145,44.81,44.84,20143966.0,0.0,1.0,44.97,45.145,44.81,44.84,20143966.0,2017,2017Q2
Verizon,2017-06-28,44.98,45.23,44.68,44.84,18685527.0,0.0,1.0,44.98,45.23,44.68,44.84,18685527.0,2017,2017Q2
Verizon,2017-06-29,44.8,44.9,44.39,44.41,17890749.0,0.0,1.0,44.8,44.9,44.39,44.41,17890749.0,2017,2017Q2
Verizon,2017-06-30,44.62,44.75,44.36,44.66,13204705.0,0.0,1.0,44.62,44.75,44.36,44.66,13204705.0,2017,2017Q2
Verizon,2017-07-03,44.61,45.08,44.51,45.0,9731970.0,0.0,1.0,44.61,45.08,44.51,45.0,9731970.0,2017,2017Q3
Verizon,2017-07-05,45.05,45.06,44.44,44.65,14833241.0,0.0,1.0,45.05,45.06,44.44,44.65,14833241.0,2017,2017Q3
Verizon,2017-07-06,43.97,44.09,43.52,43.52,16809525.0,0.0,1.0,43.97,44.09,43.52,43.52,16809525.0,2017,2017Q3
Verizon,2017-07-07,43.53,43.595,43.205,43.48,11659548.0,0.0,1.0,43.53,43.595,43.205,43.48,11659548.0,2017,2017Q3
Verizon,2017-07-10,43.48,43.51,43.18,43.2,11815004.0,0.0,1.0,43.48,43.51,43.18,43.2,11815004.0,2017,2017Q3
Verizon,2017-07-11,43.21,43.22,42.8,42.89,13204185.0,0.0,1.0,43.21,43.22,42.8,42.89,13204185.0,2017,2017Q3
Verizon,2017-07-12,43.04,43.38,43.0,43.22,10984893.0,0.0,1.0,43.04,43.38,43.0,43.22,10984893.0,2017,2017Q3
Verizon,2017-07-13,43.15,43.54,43.0387,43.49,12132370.0,0.0,1.0,43.15,43.54,43.0387,43.49,12132370.0,2017,2017Q3
Verizon,2017-07-14,43.63,43.82,43.41,43.56,11754000.0,0.0,1.0,43.63,43.82,43.41,43.56,11754000.0,2017,2017Q3
Verizon,2017-07-17,43.63,43.859,43.56,43.66,10804191.0,0.0,1.0,43.63,43.859,43.56,43.66,10804191.0,2017,2017Q3
Verizon,2017-07-18,43.66,43.79,43.26,43.36,15397029.0,0.0,1.0,43.66,43.79,43.26,43.36,15397029.0,2017,2017Q3
Verizon,2017-07-19,43.35,43.54,43.2,43.45,13663503.0,0.0,1.0,43.35,43.54,43.2,43.45,13663503.0,2017,2017Q3
Verizon,2017-07-20,43.5,44.58,43.48,44.22,18858654.0,0.0,1.0,43.5,44.58,43.48,44.22,18858654.0,2017,2017Q3
Verizon,2017-07-21,44.23,44.31,43.82,44.23,11323346.0,0.0,1.0,44.23,44.31,43.82,44.23,11323346.0,2017,2017Q3
Verizon,2017-07-24,44.15,44.21,43.68,43.71,11559263.0,0.0,1.0,44.15,44.21,43.68,43.71,11559263.0,2017,2017Q3
Verizon,2017-07-25,43.9,44.17,43.81,43.98,9750033.0,0.0,1.0,43.9,44.17,43.81,43.98,9750033.0,2017,2017Q3
Verizon,2017-07-26,44.8,44.83,44.2774,44.4,18776797.0,0.0,1.0,44.8,44.83,44.2774,44.4,18776797.0,2017,2017Q3
Verizon,2017-07-27,46.26,47.84,45.95,47.81,44523938.0,0.0,1.0,46.26,47.84,45.95,47.81,44523938.0,2017,2017Q3
Verizon,2017-07-28,47.7,48.38,47.12,47.94,24974800.0,0.0,1.0,47.7,48.38,47.12,47.94,24974800.0,2017,2017Q3
Verizon,2017-07-31,47.85,48.57,47.48,48.4,28332210.0,0.0,1.0,47.85,48.57,47.48,48.4,28332210.0,2017,2017Q3
Verizon,2017-08-01,48.68,49.63,48.53,48.89,33358643.0,0.0,1.0,48.68,49.63,48.53,48.89,33358643.0,2017,2017Q3
Verizon,2017-08-02,48.9,48.93,47.9,48.21,19214485.0,0.0,1.0,48.9,48.93,47.9,48.21,19214485.0,2017,2017Q3
Verizon,2017-08-03,48.09,48.61,47.94,48.61,15182519.0,0.0,1.0,48.09,48.61,47.94,48.61,15182519.0,2017,2017Q3
Verizon,2017-08-04,48.55,48.91,48.14,48.91,13811577.0,0.0,1.0,48.55,48.91,48.14,48.91,13811577.0,2017,2017Q3
Verizon,2017-08-07,48.79,48.96,48.68,48.86,10423110.0,0.0,1.0,48.79,48.96,48.68,48.86,10423110.0,2017,2017Q3
Verizon,2017-08-08,48.75,48.95,48.43,48.6,10834618.0,0.0,1.0,48.75,48.95,48.43,48.6,10834618.0,2017,2017Q3
Verizon,2017-08-09,48.52,48.64,48.08,48.22,18867553.0,0.0,1.0,48.52,48.64,48.08,48.22,18867553.0,2017,2017Q3
Verizon,2017-08-10,48.18,48.21,47.855,48.02,12648295.0,0.0,1.0,48.18,48.21,47.855,48.02,12648295.0,2017,2017Q3
Verizon,2017-08-11,48.2,48.23,47.7,48.06,10349986.0,0.0,1.0,48.2,48.23,47.7,48.06,10349986.0,2017,2017Q3
Verizon,2017-08-14,48.17,48.8,48.15,48.78,11003672.0,0.0,1.0,48.17,48.8,48.15,48.78,11003672.0,2017,2017Q3
Verizon,2017-08-15,48.56,48.59,48.19,48.48,11048895.0,0.0,1.0,48.56,48.59,48.19,48.48,11048895.0,2017,2017Q3
Verizon,2017-08-16,48.37,48.53,48.22,48.41,9330532.0,0.0,1.0,48.37,48.53,48.22,48.41,9330532.0,2017,2017Q3
Verizon,2017-08-17,48.37,48.45,47.89,47.89,10329752.0,0.0,1.0,48.37,48.45,47.89,47.89,10329752.0,2017,2017Q3
Verizon,2017-08-18,47.85,47.95,47.51,47.69,16857109.0,0.0,1.0,47.85,47.95,47.51,47.69,16857109.0,2017,2017Q3
Verizon,2017-08-21,47.83,48.5,47.685,48.14,9851139.0,0.0,1.0,47.83,48.5,47.685,48.14,9851139.0,2017,2017Q3
Verizon,2017-08-22,48.13,48.44,47.78,48.35,10716731.0,0.0,1.0,48.13,48.44,47.78,48.35,10716731.0,2017,2017Q3
Verizon,2017-08-23,48.26,48.67,48.1901,48.28,8814541.0,0.0,1.0,48.26,48.67,48.1901,48.28,8814541.0,2017,2017Q3
Verizon,2017-08-24,48.35,48.555,48.18,48.31,8827740.0,0.0,1.0,48.35,48.555,48.18,48.31,8827740.0,2017,2017Q3
Verizon,2017-08-25,48.48,48.98,48.43,48.68,9808726.0,0.0,1.0,48.48,48.98,48.43,48.68,9808726.0,2017,2017Q3
Verizon,2017-08-28,48.65,48.75,48.31,48.61,6217961.0,0.0,1.0,48.65,48.75,48.31,48.61,6217961.0,2017,2017Q3
Verizon,2017-08-29,48.36,48.755,48.33,48.51,6026998.0,0.0,1.0,48.36,48.755,48.33,48.51,6026998.0,2017,2017Q3
Verizon,2017-08-30,48.33,48.37,48.0,48.12,10666511.0,0.0,1.0,48.33,48.37,48.0,48.12,10666511.0,2017,2017Q3
Verizon,2017-08-31,48.26,48.399,47.93,47.97,14184688.0,0.0,1.0,48.26,48.399,47.93,47.97,14184688.0,2017,2017Q3
Verizon,2017-09-01,48.02,48.07,47.77,47.92,11446907.0,0.0,1.0,48.02,48.07,47.77,47.92,11446907.0,2017,2017Q3
Verizon,2017-09-05,47.78,47.92,47.3,47.36,9962472.0,0.0,1.0,47.78,47.92,47.3,47.36,9962472.0,2017,2017Q3
Verizon,2017-09-06,47.47,47.56,46.615,46.91,13038966.0,0.0,1.0,47.47,47.56,46.615,46.91,13038966.0,2017,2017Q3
Verizon,2017-09-07,47.0,47.21,46.07,46.2,16452952.0,0.0,1.0,47.0,47.21,46.07,46.2,16452952.0,2017,2017Q3
Verizon,2017-09-08,46.18,46.39,45.71,46.11,14108024.0,0.0,1.0,46.18,46.39,45.71,46.11,14108024.0,2017,2017Q3
Verizon,2017-09-11,46.23,46.34,46.12,46.3,10841044.0,0.0,1.0,46.23,46.34,46.12,46.3,10841044.0,2017,2017Q3
Verizon,2017-09-12,46.5,46.95,46.38,46.79,11171242.0,0.0,1.0,46.5,46.95,46.38,46.79,11171242.0,2017,2017Q3
Verizon,2017-09-13,46.78,47.26,46.68,47.25,12603419.0,0.0,1.0,46.78,47.26,46.68,47.25,12603419.0,2017,2017Q3
Verizon,2017-09-14,47.24,47.59,47.01,47.18,11795777.0,0.0,1.0,47.24,47.59,47.01,47.18,11795777.0,2017,2017Q3
Verizon,2017-09-15,47.42,47.9,47.055,47.86,23467849.0,0.0,1.0,47.42,47.9,47.055,47.86,23467849.0,2017,2017Q3
Verizon,2017-09-18,47.91,48.245,47.51,48.09,18764300.0,0.0,1.0,47.91,48.245,47.51,48.09,18764300.0,2017,2017Q3
Verizon,2017-09-19,48.09,49.55,48.01,49.34,30704320.0,0.0,1.0,48.09,49.55,48.01,49.34,30704320.0,2017,2017Q3
Verizon,2017-09-20,49.3,49.64,49.08,49.48,18364373.0,0.0,1.0,49.3,49.64,49.08,49.48,18364373.0,2017,2017Q3
Verizon,2017-09-21,49.37,49.44,48.844,48.94,14272748.0,0.0,1.0,49.37,49.44,48.844,48.94,14272748.0,2017,2017Q3
Verizon,2017-09-22,49.19,50.08,49.02,49.9,20502636.0,0.0,1.0,49.19,50.08,49.02,49.9,20502636.0,2017,2017Q3
Verizon,2017-09-25,49.87,50.315,49.745,49.9,13197167.0,0.0,1.0,49.87,50.315,49.745,49.9,13197167.0,2017,2017Q3
Verizon,2017-09-26,49.96,50.08,49.4,49.51,10678869.0,0.0,1.0,49.96,50.08,49.4,49.51,10678869.0,2017,2017Q3
Verizon,2017-09-27,49.19,49.725,49.12,49.51,13699541.0,0.0,1.0,49.19,49.725,49.12,49.51,13699541.0,2017,2017Q3
Verizon,2017-09-28,49.24,49.565,49.1401,49.41,8123980.0,0.0,1.0,49.24,49.565,49.1401,49.41,8123980.0,2017,2017Q3
Verizon,2017-09-29,49.3,49.83,49.01,49.49,12677001.0,0.0,1.0,49.3,49.83,49.01,49.49,12677001.0,2017,2017Q3
Verizon,2017-10-02,49.39,49.7,49.25,49.36,9318056.0,0.0,1.0,49.39,49.7,49.25,49.36,9318056.0,2017,2017Q4
Verizon,2017-10-03,49.45,50.02,49.43,49.85,10172423.0,0.0,1.0,49.45,50.02,49.43,49.85,10172423.0,2017,2017Q4
Verizon,2017-10-04,49.64,50.08,49.38,49.9,9844644.0,0.0,1.0,49.64,50.08,49.38,49.9,9844644.0,2017,2017Q4
Verizon,2017-10-05,49.96,50.0345,49.675,49.77,12220774.0,0.0,1.0,49.96,50.0345,49.675,49.77,12220774.0,2017,2017Q4
Verizon,2017-10-06,49.04,49.2,48.6555,48.81,13166820.0,0.0,1.0,49.04,49.2,48.6555,48.81,13166820.0,2017,2017Q4
Verizon,2017-10-09,48.89,49.09,48.65,49.05,10693747.0,0.0,1.0,48.89,49.09,48.65,49.05,10693747.0,2017,2017Q4
Verizon,2017-10-10,49.28,49.49,49.055,49.14,10249882.0,0.0,1.0,49.28,49.49,49.055,49.14,10249882.0,2017,2017Q4
Verizon,2017-10-11,49.14,49.32,48.51,48.86,10057490.0,0.0,1.0,49.14,49.32,48.51,48.86,10057490.0,2017,2017Q4
Verizon,2017-10-12,48.44,48.85,48.13,48.35,16723138.0,0.0,1.0,48.44,48.85,48.13,48.35,16723138.0,2017,2017Q4
Verizon,2017-10-13,48.34,48.48,47.83,47.86,19938102.0,0.0,1.0,48.34,48.48,47.83,47.86,19938102.0,2017,2017Q4
Verizon,2017-10-16,47.9,48.35,47.7,48.09,10382351.0,0.0,1.0,47.9,48.35,47.7,48.09,10382351.0,2017,2017Q4
Verizon,2017-10-17,48.09,48.49,47.87,48.4,13551892.0,0.0,1.0,48.09,48.49,47.87,48.4,13551892.0,2017,2017Q4
Verizon,2017-10-18,48.33,48.85,47.76,48.65,20346013.0,0.0,1.0,48.33,48.85,47.76,48.65,20346013.0,2017,2017Q4
Verizon,2017-10-19,50.05,51.18,49.05,49.21,28651656.0,0.0,1.0,50.05,51.18,49.05,49.21,28651656.0,2017,2017Q4
Verizon,2017-10-20,49.45,49.59,48.93,49.53,15963778.0,0.0,1.0,49.45,49.59,48.93,49.53,15963778.0,2017,2017Q4
Verizon,2017-10-23,49.47,49.69,48.91,48.99,15615573.0,0.0,1.0,49.47,49.69,48.91,48.99,15615573.0,2017,2017Q4
Verizon,2017-10-24,49.16,49.28,48.72,48.94,11323112.0,0.0,1.0,49.16,49.28,48.72,48.94,11323112.0,2017,2017Q4
Verizon,2017-10-25,48.68,48.79,48.15,48.665,17399314.0,0.0,1.0,48.68,48.79,48.15,48.665,17399314.0,2017,2017Q4
Verizon,2017-10-26,48.86,49.43,48.75,48.89,14261705.0,0.0,1.0,48.86,49.43,48.75,48.89,14261705.0,2017,2017Q4
Verizon,2017-10-27,48.72,49.3875,48.53,48.87,12376736.0,0.0,1.0,48.72,49.3875,48.53,48.87,12376736.0,2017,2017Q4
Verizon,2017-10-30,48.88,49.12,47.42,47.83,24530229.0,0.0,1.0,48.88,49.12,47.42,47.83,24530229.0,2017,2017Q4
Verizon,2017-10-31,47.94,48.18,47.71,47.87,15503967.0,0.0,1.0,47.94,48.18,47.71,47.87,15503967.0,2017,2017Q4
Verizon,2017-11-01,48.15,48.17,47.56,47.83,11018387.0,0.0,1.0,48.15,48.17,47.56,47.83,11018387.0,2017,2017Q4
Verizon,2017-11-02,47.88,47.94,47.18,47.46,13088781.0,0.0,1.0,47.88,47.94,47.18,47.46,13088781.0,2017,2017Q4
Verizon,2017-11-03,47.66,47.74,47.235,47.42,8036241.0,0.0,1.0,47.66,47.74,47.235,47.42,8036241.0,2017,2017Q4
Verizon,2017-11-06,46.31,46.35,44.84,45.53,36192513.0,0.0,1.0,46.31,46.35,44.84,45.53,36192513.0,2017,2017Q4
Verizon,2017-11-07,45.21,45.5878,44.68,45.57,25731873.0,0.0,1.0,45.21,45.5878,44.68,45.57,25731873.0,2017,2017Q4
Verizon,2017-11-09,45.29,45.43,44.81,45.07,20797994.0,0.0,1.0,45.29,45.43,44.81,45.07,20797994.0,2017,2017Q4
Verizon,2017-11-10,45.11,45.11,44.75,44.88,16917883.0,0.0,1.0,45.11,45.11,44.75,44.88,16917883.0,2017,2017Q4
Verizon,2017-11-13,44.92,45.08,44.7,44.75,15906930.0,0.0,1.0,44.92,45.08,44.7,44.75,15906930.0,2017,2017Q4
Verizon,2017-11-14,44.69,44.85,44.15,44.22,19762034.0,0.0,1.0,44.69,44.85,44.15,44.22,19762034.0,2017,2017Q4
Verizon,2017-11-15,44.33,44.38,43.965,44.11,15539208.0,0.0,1.0,44.33,44.38,43.965,44.11,15539208.0,2017,2017Q4
Verizon,2017-11-16,44.21,44.88,44.11,44.77,13108858.0,0.0,1.0,44.21,44.88,44.11,44.77,13108858.0,2017,2017Q4
Verizon,2017-11-17,44.63,45.77,44.62,45.42,18732228.0,0.0,1.0,44.63,45.77,44.62,45.42,18732228.0,2017,2017Q4
Verizon,2017-11-20,45.8,46.35,45.5,46.2,18156724.0,0.0,1.0,45.8,46.35,45.5,46.2,18156724.0,2017,2017Q4
Verizon,2017-11-21,46.34,46.4468,46.01,46.18,13510863.0,0.0,1.0,46.34,46.4468,46.01,46.18,13510863.0,2017,2017Q4
Verizon,2017-11-22,46.25,47.42,46.24,47.1,15740531.0,0.0,1.0,46.25,47.42,46.24,47.1,15740531.0,2017,2017Q4
Verizon,2017-11-24,47.06,47.18,46.845,47.01,5096103.0,0.0,1.0,47.06,47.18,46.845,47.01,5096103.0,2017,2017Q4
Verizon,2017-11-27,47.37,47.9,47.35,47.66,17234932.0,0.0,1.0,47.37,47.9,47.35,47.66,17234932.0,2017,2017Q4
Verizon,2017-11-28,47.7,48.84,47.53,48.82,19895888.0,0.0,1.0,47.7,48.84,47.53,48.82,19895888.0,2017,2017Q4
Verizon,2017-11-29,48.84,50.49,48.84,49.9,30569565.0,0.0,1.0,48.84,50.49,48.84,49.9,30569565.0,2017,2017Q4
Verizon,2017-11-30,50.0,51.0944,49.99,50.89,31763970.0,0.0,1.0,50.0,51.0944,49.99,50.89,31763970.0,2017,2017Q4
Verizon,2017-12-01,50.9,51.545,50.33,51.25,23174225.0,0.0,1.0,50.9,51.545,50.33,51.25,23174225.0,2017,2017Q4
Verizon,2017-12-04,51.52,52.33,51.5,51.72,19071612.0,0.0,1.0,51.52,52.33,51.5,51.72,19071612.0,2017,2017Q4
Verizon,2017-12-05,51.75,51.89,50.78,50.92,17407676.0,0.0,1.0,51.75,51.89,50.78,50.92,17407676.0,2017,2017Q4
Verizon,2017-12-06,50.65,50.8399,50.24,50.68,16813619.0,0.0,1.0,50.65,50.8399,50.24,50.68,16813619.0,2017,2017Q4
Verizon,2017-12-07,50.59,50.74,50.2,50.42,11942554.0,0.0,1.0,50.59,50.74,50.2,50.42,11942554.0,2017,2017Q4
Verizon,2017-12-08,50.5,51.175,50.36,51.09,13556061.0,0.0,1.0,50.5,51.175,50.36,51.09,13556061.0,2017,2017Q4
Verizon,2017-12-11,51.22,51.93,50.97,51.84,13392668.0,0.0,1.0,51.22,51.93,50.97,51.84,13392668.0,2017,2017Q4
Verizon,2017-12-12,52.35,53.34,52.33,53.19,20867606.0,0.0,1.0,52.35,53.34,52.33,53.19,20867606.0,2017,2017Q4
